"revision","rustdoc_item_id","public_path","kind","classification","harness_route","evidence_state"
"ada32824cd813c16ab6ea30322ee396aad3aaa75","6228","aarch64_vmsa","module","pure-compile-time-or-type-system","public namespace and reexport surface","classified"
"ada32824cd813c16ab6ea30322ee396aad3aaa75","6224","aarch64_vmsa","use","pure-compile-time-or-type-system","public namespace and reexport surface","classified"
"ada32824cd813c16ab6ea30322ee396aad3aaa75","6225","aarch64_vmsa","use","pure-compile-time-or-type-system","public namespace and reexport surface","classified"
"ada32824cd813c16ab6ea30322ee396aad3aaa75","6226","aarch64_vmsa","use","pure-compile-time-or-type-system","public namespace and reexport surface","classified"
"ada32824cd813c16ab6ea30322ee396aad3aaa75","6227","aarch64_vmsa","use","pure-compile-time-or-type-system","public namespace and reexport surface","classified"
"ada32824cd813c16ab6ea30322ee396aad3aaa75","321","aarch64_vmsa::address","module","pure-compile-time-or-type-system","public namespace and reexport surface","classified"
"ada32824cd813c16ab6ea30322ee396aad3aaa75","319","aarch64_vmsa::address","use","pure-compile-time-or-type-system","public namespace and reexport surface","classified"
"ada32824cd813c16ab6ea30322ee396aad3aaa75","320","aarch64_vmsa::address","use","pure-compile-time-or-type-system","public namespace and reexport surface","classified"
"ada32824cd813c16ab6ea30322ee396aad3aaa75","105","aarch64_vmsa::address::addr","module","pure-compile-time-or-type-system","public namespace and reexport surface","classified"
"ada32824cd813c16ab6ea30322ee396aad3aaa75","0","aarch64_vmsa::address::addr::0","struct_field","architecturally-unobservable","typed address/geometry construction and mapper boundary validation","evidence-incomplete"
"ada32824cd813c16ab6ea30322ee396aad3aaa75","75","aarch64_vmsa::address::addr::0","struct_field","architecturally-unobservable","typed address/geometry construction and mapper boundary validation","evidence-incomplete"
"ada32824cd813c16ab6ea30322ee396aad3aaa75","1","aarch64_vmsa::address::addr::PhysAddr","struct","architecturally-unobservable","typed address/geometry construction and mapper boundary validation","evidence-incomplete"
"ada32824cd813c16ab6ea30322ee396aad3aaa75","76","aarch64_vmsa::address::addr::VirtAddr","struct","architecturally-unobservable","typed address/geometry construction and mapper boundary validation","evidence-incomplete"
"ada32824cd813c16ab6ea30322ee396aad3aaa75","318","aarch64_vmsa::address::granule","module","pure-compile-time-or-type-system","public namespace and reexport surface","classified"
"ada32824cd813c16ab6ea30322ee396aad3aaa75","240","aarch64_vmsa::address::granule::Granule16KiB","struct","architecturally-unobservable","typed address/geometry construction and mapper boundary validation","evidence-incomplete"
"ada32824cd813c16ab6ea30322ee396aad3aaa75","236","aarch64_vmsa::address::granule::Granule4KiB","struct","architecturally-unobservable","typed address/geometry construction and mapper boundary validation","evidence-incomplete"
"ada32824cd813c16ab6ea30322ee396aad3aaa75","244","aarch64_vmsa::address::granule::Granule64KiB","struct","architecturally-unobservable","typed address/geometry construction and mapper boundary validation","evidence-incomplete"
"ada32824cd813c16ab6ea30322ee396aad3aaa75","157","aarch64_vmsa::address::granule::GranuleError","enum","architecturally-unobservable","pure software result of GranuleKind::validate_page_alignment; installed mapper alignment failures are separately normalized by the stable mapper surface","classified"
"ada32824cd813c16ab6ea30322ee396aad3aaa75","185","aarch64_vmsa::address::granule::GranuleKind","enum","architecturally-unobservable","typed address/geometry construction and mapper boundary validation","evidence-incomplete"
"ada32824cd813c16ab6ea30322ee396aad3aaa75","191","aarch64_vmsa::address::granule::GranuleKind::align_down","function","architecturally-unobservable","typed address/geometry construction and mapper boundary validation","evidence-incomplete"
"ada32824cd813c16ab6ea30322ee396aad3aaa75","192","aarch64_vmsa::address::granule::GranuleKind::align_up","function","architecturally-unobservable","typed address/geometry construction and mapper boundary validation","evidence-incomplete"
"ada32824cd813c16ab6ea30322ee396aad3aaa75","190","aarch64_vmsa::address::granule::GranuleKind::is_page_aligned","function","architecturally-unobservable","typed address/geometry construction and mapper boundary validation","evidence-incomplete"
"ada32824cd813c16ab6ea30322ee396aad3aaa75","188","aarch64_vmsa::address::granule::GranuleKind::mask","function","architecturally-unobservable","typed address/geometry construction and mapper boundary validation","evidence-incomplete"
"ada32824cd813c16ab6ea30322ee396aad3aaa75","189","aarch64_vmsa::address::granule::GranuleKind::page_offset","function","architecturally-unobservable","typed address/geometry construction and mapper boundary validation","evidence-incomplete"
"ada32824cd813c16ab6ea30322ee396aad3aaa75","186","aarch64_vmsa::address::granule::GranuleKind::shift","function","architecturally-unobservable","typed address/geometry construction and mapper boundary validation","evidence-incomplete"
"ada32824cd813c16ab6ea30322ee396aad3aaa75","187","aarch64_vmsa::address::granule::GranuleKind::size","function","architecturally-unobservable","typed address/geometry construction and mapper boundary validation","evidence-incomplete"
"ada32824cd813c16ab6ea30322ee396aad3aaa75","193","aarch64_vmsa::address::granule::GranuleKind::validate_page_alignment","function","architecturally-unobservable","typed address/geometry construction and mapper boundary validation","evidence-incomplete"
"ada32824cd813c16ab6ea30322ee396aad3aaa75","107","aarch64_vmsa::address::granule::Level","struct","architecturally-unobservable","typed address/geometry construction and mapper boundary validation","evidence-incomplete"
"ada32824cd813c16ab6ea30322ee396aad3aaa75","110","aarch64_vmsa::address::granule::Level::L0","assoc_const","architecturally-unobservable","typed address/geometry construction and mapper boundary validation","evidence-incomplete"
"ada32824cd813c16ab6ea30322ee396aad3aaa75","111","aarch64_vmsa::address::granule::Level::L1","assoc_const","architecturally-unobservable","typed address/geometry construction and mapper boundary validation","evidence-incomplete"
"ada32824cd813c16ab6ea30322ee396aad3aaa75","112","aarch64_vmsa::address::granule::Level::L2","assoc_const","architecturally-unobservable","typed address/geometry construction and mapper boundary validation","evidence-incomplete"
"ada32824cd813c16ab6ea30322ee396aad3aaa75","113","aarch64_vmsa::address::granule::Level::L3","assoc_const","architecturally-unobservable","typed address/geometry construction and mapper boundary validation","evidence-incomplete"
"ada32824cd813c16ab6ea30322ee396aad3aaa75","109","aarch64_vmsa::address::granule::Level::NEG1","assoc_const","architecturally-unobservable","typed address/geometry construction and mapper boundary validation","evidence-incomplete"
"ada32824cd813c16ab6ea30322ee396aad3aaa75","108","aarch64_vmsa::address::granule::Level::NEG2","assoc_const","architecturally-unobservable","typed address/geometry construction and mapper boundary validation","evidence-incomplete"
"ada32824cd813c16ab6ea30322ee396aad3aaa75","115","aarch64_vmsa::address::granule::Level::as_i8","function","architecturally-unobservable","typed address/geometry construction and mapper boundary validation","evidence-incomplete"
"ada32824cd813c16ab6ea30322ee396aad3aaa75","125","aarch64_vmsa::address::granule::Level::distance_from","function","architecturally-unobservable","typed address/geometry construction and mapper boundary validation","evidence-incomplete"
"ada32824cd813c16ab6ea30322ee396aad3aaa75","124","aarch64_vmsa::address::granule::Level::is_after","function","architecturally-unobservable","typed address/geometry construction and mapper boundary validation","evidence-incomplete"
"ada32824cd813c16ab6ea30322ee396aad3aaa75","123","aarch64_vmsa::address::granule::Level::is_before","function","architecturally-unobservable","typed address/geometry construction and mapper boundary validation","evidence-incomplete"
"ada32824cd813c16ab6ea30322ee396aad3aaa75","126","aarch64_vmsa::address::granule::Level::is_between_inclusive","function","architecturally-unobservable","typed address/geometry construction and mapper boundary validation","evidence-incomplete"
"ada32824cd813c16ab6ea30322ee396aad3aaa75","118","aarch64_vmsa::address::granule::Level::is_l0","function","architecturally-unobservable","typed address/geometry construction and mapper boundary validation","evidence-incomplete"
"ada32824cd813c16ab6ea30322ee396aad3aaa75","119","aarch64_vmsa::address::granule::Level::is_l1","function","architecturally-unobservable","typed address/geometry construction and mapper boundary validation","evidence-incomplete"
"ada32824cd813c16ab6ea30322ee396aad3aaa75","120","aarch64_vmsa::address::granule::Level::is_l2","function","architecturally-unobservable","typed address/geometry construction and mapper boundary validation","evidence-incomplete"
"ada32824cd813c16ab6ea30322ee396aad3aaa75","121","aarch64_vmsa::address::granule::Level::is_l3","function","architecturally-unobservable","typed address/geometry construction and mapper boundary validation","evidence-incomplete"
"ada32824cd813c16ab6ea30322ee396aad3aaa75","122","aarch64_vmsa::address::granule::Level::is_negative","function","architecturally-unobservable","typed address/geometry construction and mapper boundary validation","evidence-incomplete"
"ada32824cd813c16ab6ea30322ee396aad3aaa75","114","aarch64_vmsa::address::granule::Level::new","function","architecturally-unobservable","typed address/geometry construction and mapper boundary validation","evidence-incomplete"
"ada32824cd813c16ab6ea30322ee396aad3aaa75","116","aarch64_vmsa::address::granule::Level::next","function","architecturally-unobservable","typed address/geometry construction and mapper boundary validation","evidence-incomplete"
"ada32824cd813c16ab6ea30322ee396aad3aaa75","117","aarch64_vmsa::address::granule::Level::previous","function","architecturally-unobservable","typed address/geometry construction and mapper boundary validation","evidence-incomplete"
"ada32824cd813c16ab6ea30322ee396aad3aaa75","232","aarch64_vmsa::address::granule::TranslationGranule","trait","pure-compile-time-or-type-system","typed catalog bounds and compile-time regime/format selection","classified"
"ada32824cd813c16ab6ea30322ee396aad3aaa75","317","aarch64_vmsa::address::granule::div_ceil_u8","function","architecturally-unobservable","typed address/geometry construction and mapper boundary validation","evidence-incomplete"
"ada32824cd813c16ab6ea30322ee396aad3aaa75","537","aarch64_vmsa::arch","module","pure-compile-time-or-type-system","public namespace and reexport surface","classified"
"ada32824cd813c16ab6ea30322ee396aad3aaa75","536","aarch64_vmsa::arch","use","pure-compile-time-or-type-system","public namespace and reexport surface","classified"
"ada32824cd813c16ab6ea30322ee396aad3aaa75","535","aarch64_vmsa::arch::features","module","pure-compile-time-or-type-system","public namespace and reexport surface","classified"
"ada32824cd813c16ab6ea30322ee396aad3aaa75","452","aarch64_vmsa::arch::features::FeatureRequirements","struct","pure-compile-time-or-type-system","typed feature input and adapter capability validation","classified"
"ada32824cd813c16ab6ea30322ee396aad3aaa75","492","aarch64_vmsa::arch::features::FeatureRequirements::NONE","assoc_const","pure-compile-time-or-type-system","typed feature input and adapter capability validation","classified"
"ada32824cd813c16ab6ea30322ee396aad3aaa75","493","aarch64_vmsa::arch::features::FeatureRequirements::union","function","pure-compile-time-or-type-system","typed feature input and adapter capability validation","classified"
"ada32824cd813c16ab6ea30322ee396aad3aaa75","502","aarch64_vmsa::arch::features::FeatureRequirements::with_d128","function","pure-compile-time-or-type-system","typed feature input and adapter capability validation","classified"
"ada32824cd813c16ab6ea30322ee396aad3aaa75","503","aarch64_vmsa::arch::features::FeatureRequirements::with_d128_stage2","function","pure-compile-time-or-type-system","typed feature input and adapter capability validation","classified"
"ada32824cd813c16ab6ea30322ee396aad3aaa75","494","aarch64_vmsa::arch::features::FeatureRequirements::with_el2","function","pure-compile-time-or-type-system","typed feature input and adapter capability validation","classified"
"ada32824cd813c16ab6ea30322ee396aad3aaa75","496","aarch64_vmsa::arch::features::FeatureRequirements::with_el2_and0","function","pure-compile-time-or-type-system","typed feature input and adapter capability validation","classified"
"ada32824cd813c16ab6ea30322ee396aad3aaa75","495","aarch64_vmsa::arch::features::FeatureRequirements::with_el3","function","pure-compile-time-or-type-system","typed feature input and adapter capability validation","classified"
"ada32824cd813c16ab6ea30322ee396aad3aaa75","504","aarch64_vmsa::arch::features::FeatureRequirements::with_extended_input_address","function","pure-compile-time-or-type-system","typed feature input and adapter capability validation","classified"
"ada32824cd813c16ab6ea30322ee396aad3aaa75","505","aarch64_vmsa::arch::features::FeatureRequirements::with_extended_output_address","function","pure-compile-time-or-type-system","typed feature input and adapter capability validation","classified"
"ada32824cd813c16ab6ea30322ee396aad3aaa75","501","aarch64_vmsa::arch::features::FeatureRequirements::with_lpa2","function","pure-compile-time-or-type-system","typed feature input and adapter capability validation","classified"
"ada32824cd813c16ab6ea30322ee396aad3aaa75","498","aarch64_vmsa::arch::features::FeatureRequirements::with_rme","function","pure-compile-time-or-type-system","typed feature input and adapter capability validation","classified"
"ada32824cd813c16ab6ea30322ee396aad3aaa75","506","aarch64_vmsa::arch::features::FeatureRequirements::with_security_state","function","pure-compile-time-or-type-system","typed feature input and adapter capability validation","classified"
"ada32824cd813c16ab6ea30322ee396aad3aaa75","497","aarch64_vmsa::arch::features::FeatureRequirements::with_sel2","function","pure-compile-time-or-type-system","typed feature input and adapter capability validation","classified"
"ada32824cd813c16ab6ea30322ee396aad3aaa75","499","aarch64_vmsa::arch::features::FeatureRequirements::with_stage2","function","pure-compile-time-or-type-system","typed feature input and adapter capability validation","classified"
"ada32824cd813c16ab6ea30322ee396aad3aaa75","500","aarch64_vmsa::arch::features::FeatureRequirements::with_xnx","function","pure-compile-time-or-type-system","typed feature input and adapter capability validation","classified"
"ada32824cd813c16ab6ea30322ee396aad3aaa75","326","aarch64_vmsa::arch::features::FeatureStatus","enum","pure-compile-time-or-type-system","typed feature input and adapter capability validation","classified"
"ada32824cd813c16ab6ea30322ee396aad3aaa75","327","aarch64_vmsa::arch::features::FeatureStatus::is_implemented","function","pure-compile-time-or-type-system","typed feature input and adapter capability validation","classified"
"ada32824cd813c16ab6ea30322ee396aad3aaa75","328","aarch64_vmsa::arch::features::FeatureStatus::unknown_raw","function","pure-compile-time-or-type-system","typed feature input and adapter capability validation","classified"
"ada32824cd813c16ab6ea30322ee396aad3aaa75","409","aarch64_vmsa::arch::features::IdRegisterSnapshot","struct","pure-compile-time-or-type-system","typed feature input and adapter capability validation","classified"
"ada32824cd813c16ab6ea30322ee396aad3aaa75","361","aarch64_vmsa::arch::features::SecurityStates","struct","pure-compile-time-or-type-system","typed feature input and adapter capability validation","classified"
"ada32824cd813c16ab6ea30322ee396aad3aaa75","362","aarch64_vmsa::arch::features::SecurityStates::NONE","assoc_const","pure-compile-time-or-type-system","typed feature input and adapter capability validation","classified"
"ada32824cd813c16ab6ea30322ee396aad3aaa75","363","aarch64_vmsa::arch::features::SecurityStates::NON_SECURE","assoc_const","pure-compile-time-or-type-system","typed feature input and adapter capability validation","classified"
"ada32824cd813c16ab6ea30322ee396aad3aaa75","365","aarch64_vmsa::arch::features::SecurityStates::REALM","assoc_const","pure-compile-time-or-type-system","typed feature input and adapter capability validation","classified"
"ada32824cd813c16ab6ea30322ee396aad3aaa75","366","aarch64_vmsa::arch::features::SecurityStates::ROOT","assoc_const","pure-compile-time-or-type-system","typed feature input and adapter capability validation","classified"
"ada32824cd813c16ab6ea30322ee396aad3aaa75","364","aarch64_vmsa::arch::features::SecurityStates::SECURE","assoc_const","pure-compile-time-or-type-system","typed feature input and adapter capability validation","classified"
"ada32824cd813c16ab6ea30322ee396aad3aaa75","369","aarch64_vmsa::arch::features::SecurityStates::bits","function","pure-compile-time-or-type-system","typed feature input and adapter capability validation","classified"
"ada32824cd813c16ab6ea30322ee396aad3aaa75","368","aarch64_vmsa::arch::features::SecurityStates::contains","function","pure-compile-time-or-type-system","typed feature input and adapter capability validation","classified"
"ada32824cd813c16ab6ea30322ee396aad3aaa75","367","aarch64_vmsa::arch::features::SecurityStates::union","function","pure-compile-time-or-type-system","typed feature input and adapter capability validation","classified"
"ada32824cd813c16ab6ea30322ee396aad3aaa75","449","aarch64_vmsa::arch::features::VmsaFeatures","struct","pure-compile-time-or-type-system","typed feature input and adapter capability validation","classified"
"ada32824cd813c16ab6ea30322ee396aad3aaa75","450","aarch64_vmsa::arch::features::VmsaFeatures::NONE","assoc_const","pure-compile-time-or-type-system","typed feature input and adapter capability validation","classified"
"ada32824cd813c16ab6ea30322ee396aad3aaa75","453","aarch64_vmsa::arch::features::VmsaFeatures::current","function","pure-compile-time-or-type-system","typed feature input and adapter capability validation","classified"
"ada32824cd813c16ab6ea30322ee396aad3aaa75","451","aarch64_vmsa::arch::features::VmsaFeatures::verify","function","pure-compile-time-or-type-system","typed feature input and adapter capability validation","classified"
"ada32824cd813c16ab6ea30322ee396aad3aaa75","444","aarch64_vmsa::arch::features::d128","struct_field","pure-compile-time-or-type-system","typed feature input and adapter capability validation","classified"
"ada32824cd813c16ab6ea30322ee396aad3aaa75","487","aarch64_vmsa::arch::features::d128","struct_field","pure-compile-time-or-type-system","typed feature input and adapter capability validation","classified"
"ada32824cd813c16ab6ea30322ee396aad3aaa75","445","aarch64_vmsa::arch::features::d128_stage2","struct_field","pure-compile-time-or-type-system","typed feature input and adapter capability validation","classified"
"ada32824cd813c16ab6ea30322ee396aad3aaa75","488","aarch64_vmsa::arch::features::d128_stage2","struct_field","pure-compile-time-or-type-system","typed feature input and adapter capability validation","classified"
"ada32824cd813c16ab6ea30322ee396aad3aaa75","534","aarch64_vmsa::arch::features::decode_features","function","pure-compile-time-or-type-system","typed feature input and adapter capability validation","classified"
"ada32824cd813c16ab6ea30322ee396aad3aaa75","436","aarch64_vmsa::arch::features::el2","struct_field","pure-compile-time-or-type-system","typed feature input and adapter capability validation","classified"
"ada32824cd813c16ab6ea30322ee396aad3aaa75","479","aarch64_vmsa::arch::features::el2","struct_field","pure-compile-time-or-type-system","typed feature input and adapter capability validation","classified"
"ada32824cd813c16ab6ea30322ee396aad3aaa75","438","aarch64_vmsa::arch::features::el2_and0","struct_field","pure-compile-time-or-type-system","typed feature input and adapter capability validation","classified"
"ada32824cd813c16ab6ea30322ee396aad3aaa75","481","aarch64_vmsa::arch::features::el2_and0","struct_field","pure-compile-time-or-type-system","typed feature input and adapter capability validation","classified"
"ada32824cd813c16ab6ea30322ee396aad3aaa75","437","aarch64_vmsa::arch::features::el3","struct_field","pure-compile-time-or-type-system","typed feature input and adapter capability validation","classified"
"ada32824cd813c16ab6ea30322ee396aad3aaa75","480","aarch64_vmsa::arch::features::el3","struct_field","pure-compile-time-or-type-system","typed feature input and adapter capability validation","classified"
"ada32824cd813c16ab6ea30322ee396aad3aaa75","446","aarch64_vmsa::arch::features::extended_input_address","struct_field","pure-compile-time-or-type-system","typed feature input and adapter capability validation","classified"
"ada32824cd813c16ab6ea30322ee396aad3aaa75","489","aarch64_vmsa::arch::features::extended_input_address","struct_field","pure-compile-time-or-type-system","typed feature input and adapter capability validation","classified"
"ada32824cd813c16ab6ea30322ee396aad3aaa75","447","aarch64_vmsa::arch::features::extended_output_address","struct_field","pure-compile-time-or-type-system","typed feature input and adapter capability validation","classified"
"ada32824cd813c16ab6ea30322ee396aad3aaa75","490","aarch64_vmsa::arch::features::extended_output_address","struct_field","pure-compile-time-or-type-system","typed feature input and adapter capability validation","classified"
"ada32824cd813c16ab6ea30322ee396aad3aaa75","405","aarch64_vmsa::arch::features::id_aa64mmfr0_el1","struct_field","pure-compile-time-or-type-system","typed feature input and adapter capability validation","classified"
"ada32824cd813c16ab6ea30322ee396aad3aaa75","406","aarch64_vmsa::arch::features::id_aa64mmfr1_el1","struct_field","pure-compile-time-or-type-system","typed feature input and adapter capability validation","classified"
"ada32824cd813c16ab6ea30322ee396aad3aaa75","407","aarch64_vmsa::arch::features::id_aa64mmfr2_el1","struct_field","pure-compile-time-or-type-system","typed feature input and adapter capability validation","classified"
"ada32824cd813c16ab6ea30322ee396aad3aaa75","408","aarch64_vmsa::arch::features::id_aa64mmfr3_el1","struct_field","pure-compile-time-or-type-system","typed feature input and adapter capability validation","classified"
"ada32824cd813c16ab6ea30322ee396aad3aaa75","404","aarch64_vmsa::arch::features::id_aa64pfr0_el1","struct_field","pure-compile-time-or-type-system","typed feature input and adapter capability validation","classified"
"ada32824cd813c16ab6ea30322ee396aad3aaa75","443","aarch64_vmsa::arch::features::lpa2","struct_field","pure-compile-time-or-type-system","typed feature input and adapter capability validation","classified"
"ada32824cd813c16ab6ea30322ee396aad3aaa75","486","aarch64_vmsa::arch::features::lpa2","struct_field","pure-compile-time-or-type-system","typed feature input and adapter capability validation","classified"
"ada32824cd813c16ab6ea30322ee396aad3aaa75","440","aarch64_vmsa::arch::features::rme","struct_field","pure-compile-time-or-type-system","typed feature input and adapter capability validation","classified"
"ada32824cd813c16ab6ea30322ee396aad3aaa75","483","aarch64_vmsa::arch::features::rme","struct_field","pure-compile-time-or-type-system","typed feature input and adapter capability validation","classified"
"ada32824cd813c16ab6ea30322ee396aad3aaa75","448","aarch64_vmsa::arch::features::security_states","struct_field","pure-compile-time-or-type-system","typed feature input and adapter capability validation","classified"
"ada32824cd813c16ab6ea30322ee396aad3aaa75","491","aarch64_vmsa::arch::features::security_states","struct_field","pure-compile-time-or-type-system","typed feature input and adapter capability validation","classified"
"ada32824cd813c16ab6ea30322ee396aad3aaa75","439","aarch64_vmsa::arch::features::sel2","struct_field","pure-compile-time-or-type-system","typed feature input and adapter capability validation","classified"
"ada32824cd813c16ab6ea30322ee396aad3aaa75","482","aarch64_vmsa::arch::features::sel2","struct_field","pure-compile-time-or-type-system","typed feature input and adapter capability validation","classified"
"ada32824cd813c16ab6ea30322ee396aad3aaa75","441","aarch64_vmsa::arch::features::stage2","struct_field","pure-compile-time-or-type-system","typed feature input and adapter capability validation","classified"
"ada32824cd813c16ab6ea30322ee396aad3aaa75","484","aarch64_vmsa::arch::features::stage2","struct_field","pure-compile-time-or-type-system","typed feature input and adapter capability validation","classified"
"ada32824cd813c16ab6ea30322ee396aad3aaa75","442","aarch64_vmsa::arch::features::xnx","struct_field","pure-compile-time-or-type-system","typed feature input and adapter capability validation","classified"
"ada32824cd813c16ab6ea30322ee396aad3aaa75","485","aarch64_vmsa::arch::features::xnx","struct_field","pure-compile-time-or-type-system","typed feature input and adapter capability validation","classified"
"ada32824cd813c16ab6ea30322ee396aad3aaa75","895","aarch64_vmsa::attrs","module","pure-compile-time-or-type-system","public namespace and reexport surface","classified"
"ada32824cd813c16ab6ea30322ee396aad3aaa75","3497","aarch64_vmsa::attrs","use","pure-compile-time-or-type-system","public namespace and reexport surface","classified"
"ada32824cd813c16ab6ea30322ee396aad3aaa75","3498","aarch64_vmsa::attrs","use","pure-compile-time-or-type-system","public namespace and reexport surface","classified"
"ada32824cd813c16ab6ea30322ee396aad3aaa75","3499","aarch64_vmsa::attrs","use","pure-compile-time-or-type-system","public namespace and reexport surface","classified"
"ada32824cd813c16ab6ea30322ee396aad3aaa75","3500","aarch64_vmsa::attrs","use","pure-compile-time-or-type-system","public namespace and reexport surface","classified"
"ada32824cd813c16ab6ea30322ee396aad3aaa75","3501","aarch64_vmsa::attrs","use","pure-compile-time-or-type-system","public namespace and reexport surface","classified"
"ada32824cd813c16ab6ea30322ee396aad3aaa75","3502","aarch64_vmsa::attrs","use","pure-compile-time-or-type-system","public namespace and reexport surface","classified"
"ada32824cd813c16ab6ea30322ee396aad3aaa75","3503","aarch64_vmsa::attrs","use","pure-compile-time-or-type-system","public namespace and reexport surface","classified"
"ada32824cd813c16ab6ea30322ee396aad3aaa75","3504","aarch64_vmsa::attrs","use","pure-compile-time-or-type-system","public namespace and reexport surface","classified"
"ada32824cd813c16ab6ea30322ee396aad3aaa75","3505","aarch64_vmsa::attrs","use","pure-compile-time-or-type-system","public namespace and reexport surface","classified"
"ada32824cd813c16ab6ea30322ee396aad3aaa75","3506","aarch64_vmsa::attrs","use","pure-compile-time-or-type-system","public namespace and reexport surface","classified"
"ada32824cd813c16ab6ea30322ee396aad3aaa75","3507","aarch64_vmsa::attrs","use","pure-compile-time-or-type-system","public namespace and reexport surface","classified"
"ada32824cd813c16ab6ea30322ee396aad3aaa75","3508","aarch64_vmsa::attrs","use","pure-compile-time-or-type-system","public namespace and reexport surface","classified"
"ada32824cd813c16ab6ea30322ee396aad3aaa75","3509","aarch64_vmsa::attrs","use","pure-compile-time-or-type-system","public namespace and reexport surface","classified"
"ada32824cd813c16ab6ea30322ee396aad3aaa75","3510","aarch64_vmsa::attrs","use","pure-compile-time-or-type-system","public namespace and reexport surface","classified"
"ada32824cd813c16ab6ea30322ee396aad3aaa75","3559","aarch64_vmsa::attrs","use","pure-compile-time-or-type-system","public namespace and reexport surface","classified"
"ada32824cd813c16ab6ea30322ee396aad3aaa75","3560","aarch64_vmsa::attrs","use","pure-compile-time-or-type-system","public namespace and reexport surface","classified"
"ada32824cd813c16ab6ea30322ee396aad3aaa75","3561","aarch64_vmsa::attrs","use","pure-compile-time-or-type-system","public namespace and reexport surface","classified"
"ada32824cd813c16ab6ea30322ee396aad3aaa75","1371","aarch64_vmsa::attrs::AttrError","enum","directly-exercisable-through-harness","closed AttributeError normalization preserves every AttrError variant at offline/live semantic map and inspection boundaries; smoke.semantic-codec exactly matches MemoryAttributeNotConfigured before positive encode/install/decode/restore and 22 following cases in output/runs/ns-el2-00001784003647093939-9952","evidence-complete"
"ada32824cd813c16ab6ea30322ee396aad3aaa75","542","aarch64_vmsa::attrs::pas::FixedNonSecurePas","struct","pure-compile-time-or-type-system","zero-sized regime PAS marker; its associated leaf/table attributes are unit and emit no architecturally observable selectable PAS field","classified"
"ada32824cd813c16ab6ea30322ee396aad3aaa75","548","aarch64_vmsa::attrs::pas::FixedRealmIpaPas","struct","pure-compile-time-or-type-system","zero-sized regime PAS marker with unit leaf/table attributes; Realm ownership is fixed by the selected regime","classified"
"ada32824cd813c16ab6ea30322ee396aad3aaa75","557","aarch64_vmsa::attrs::pas::NonSecureIpaContext","struct","pure-compile-time-or-type-system","zero-sized stage-2 regime context whose output-address-space attribute is unit","classified"
"ada32824cd813c16ab6ea30322ee396aad3aaa75","539","aarch64_vmsa::attrs::pas::PasModel","trait","pure-compile-time-or-type-system","typed catalog bounds and compile-time regime/format selection","classified"
"ada32824cd813c16ab6ea30322ee396aad3aaa75","566","aarch64_vmsa::attrs::pas::RealmIpaContext","struct","pure-compile-time-or-type-system","zero-sized stage-2 context marker; its observable RealmOrNonSecurePa values are covered separately","classified"
"ada32824cd813c16ab6ea30322ee396aad3aaa75","581","aarch64_vmsa::attrs::pas::RealmOrNonSecurePa","enum","exercisable-through-typed-descriptor-inspection","stable semantic mapper encodes and decodes both Realm and NonSecure stage-2 leaves in smoke.pas-semantics; output/runs/realm-el2-00001784004093615280-29816","evidence-complete"
"ada32824cd813c16ab6ea30322ee396aad3aaa75","551","aarch64_vmsa::attrs::pas::RealmOrNonSecurePaPas","struct","pure-compile-time-or-type-system","zero-sized stage-1 PAS model marker; observable associated enum encodings are covered separately","classified"
"ada32824cd813c16ab6ea30322ee396aad3aaa75","585","aarch64_vmsa::attrs::pas::RootExtendedPa","enum","exercisable-through-typed-descriptor-inspection","stable D128 semantic mapper encodes and decodes Secure, NonSecure, Root, and Realm leaves in smoke.d128-permission-indirection; output/runs/root-el3-00001784004138388782-18912","evidence-complete"
"ada32824cd813c16ab6ea30322ee396aad3aaa75","554","aarch64_vmsa::attrs::pas::RootExtendedPas","struct","pure-compile-time-or-type-system","zero-sized Root regime PAS model marker; observable associated enum encodings are covered separately","classified"
"ada32824cd813c16ab6ea30322ee396aad3aaa75","560","aarch64_vmsa::attrs::pas::SecureIpaContext","struct","pure-compile-time-or-type-system","zero-sized stage-2 context marker; its observable SecureSelectablePa encoding is covered separately","classified"
"ada32824cd813c16ab6ea30322ee396aad3aaa75","563","aarch64_vmsa::attrs::pas::SecureNonSecureIpaContext","struct","pure-compile-time-or-type-system","zero-sized stage-2 context marker; its observable SecureSelectablePa encoding is covered separately","classified"
"ada32824cd813c16ab6ea30322ee396aad3aaa75","574","aarch64_vmsa::attrs::pas::SecureSelectablePa","enum","exercisable-through-typed-descriptor-inspection","stable semantic mapper encodes and decodes Secure and NonSecure stage-1 leaves plus Secure-IPA and NonSecure-IPA stage-2 contexts in smoke.pas-semantics; output/runs/secure-el2-00001784003956904508-28240","evidence-complete"
"ada32824cd813c16ab6ea30322ee396aad3aaa75","545","aarch64_vmsa::attrs::pas::SecureSelectablePas","struct","pure-compile-time-or-type-system","zero-sized Secure stage-1 PAS model marker; observable associated enum encodings are covered separately","classified"
"ada32824cd813c16ab6ea30322ee396aad3aaa75","569","aarch64_vmsa::attrs::pas::Stage1PasModel","trait","pure-compile-time-or-type-system","typed catalog bounds and compile-time regime/format selection","classified"
"ada32824cd813c16ab6ea30322ee396aad3aaa75","789","aarch64_vmsa::attrs::pas::Stage2PasContext","trait","pure-compile-time-or-type-system","typed catalog bounds and compile-time regime/format selection","classified"
"ada32824cd813c16ab6ea30322ee396aad3aaa75","899","aarch64_vmsa::attrs::permissions::DataAccess","enum","exercisable-through-typed-descriptor-inspection","None, ReadOnly, and ReadWrite are constructed and decoded across direct/XNX/D128 semantic mappings in smoke.permission-semantics; output/runs/ns-el2-00001784004484438604-14648","evidence-complete"
"ada32824cd813c16ab6ea30322ee396aad3aaa75","1082","aarch64_vmsa::attrs::permissions::El1And0Permissions","struct","pure-compile-time-or-type-system","zero-sized privilege-model selector; its associated two-privilege leaf/table values are exercised separately","classified"
"ada32824cd813c16ab6ea30322ee396aad3aaa75","1096","aarch64_vmsa::attrs::permissions::El2And0Permissions","struct","pure-compile-time-or-type-system","zero-sized privilege-model selector; associated two-privilege behavior is exercised through typed EL2&0 and semantic mappings","classified"
"ada32824cd813c16ab6ea30322ee396aad3aaa75","1089","aarch64_vmsa::attrs::permissions::El2Permissions","struct","pure-compile-time-or-type-system","zero-sized privilege-model selector; associated single-privilege values are exercised separately","classified"
"ada32824cd813c16ab6ea30322ee396aad3aaa75","1103","aarch64_vmsa::attrs::permissions::El3Permissions","struct","pure-compile-time-or-type-system","zero-sized privilege-model selector; associated Root single-privilege/D128 behavior is exercised separately","classified"
"ada32824cd813c16ab6ea30322ee396aad3aaa75","1294","aarch64_vmsa::attrs::permissions::MostlyReadOnly","enum","exercisable-through-typed-descriptor-inspection","all four qualifiers are configured, encoded, and decoded through D128 semantic stage 2 in smoke.permission-semantics; output/runs/ns-el2-00001784004484438604-14648","evidence-complete"
"ada32824cd813c16ab6ea30322ee396aad3aaa75","1075","aarch64_vmsa::attrs::permissions::PrivilegeModel","trait","pure-compile-time-or-type-system","typed catalog bounds and compile-time regime/format selection","classified"
"ada32824cd813c16ab6ea30322ee396aad3aaa75","932","aarch64_vmsa::attrs::permissions::SinglePrivilegeLeafPermissions","struct","exercisable-through-typed-descriptor-inspection","stable semantic mapping and decoding in smoke.semantic-codec and smoke.pas-semantics; exact permission failures normalize through AttributeError","evidence-complete"
"ada32824cd813c16ab6ea30322ee396aad3aaa75","959","aarch64_vmsa::attrs::permissions::SinglePrivilegeTablePermissionLimits","struct","exercisable-through-typed-descriptor-inspection","stable semantic table construction accompanies offline/live EL2 and Secure mappings and exact decode inspection","evidence-complete"
"ada32824cd813c16ab6ea30322ee396aad3aaa75","1265","aarch64_vmsa::attrs::permissions::Stage1EffectivePermissions","struct","exercisable-through-typed-descriptor-inspection","D128 semantic mapping covers direct data/execute values plus independently configured privileged-GCS and unprivileged-GCS effective permissions in smoke.permission-semantics; output/runs/ns-el2-00001784004838046293-9296","evidence-complete"
"ada32824cd813c16ab6ea30322ee396aad3aaa75","1045","aarch64_vmsa::attrs::permissions::Stage2LeafPermissions","struct","exercisable-through-typed-descriptor-inspection","all 12 data/privileged-execute/unprivileged-execute combinations round-trip through XNX semantic descriptors in smoke.permission-semantics; output/runs/ns-el2-00001784004484438604-14648","evidence-complete"
"ada32824cd813c16ab6ea30322ee396aad3aaa75","1335","aarch64_vmsa::attrs::permissions::Stage2Permission","enum","exercisable-through-typed-descriptor-inspection","every variant and execute combination round-trips through configured D128 permission indirection; unavailable and missing-combination errors are exact in smoke.permission-semantics","evidence-complete"
"ada32824cd813c16ab6ea30322ee396aad3aaa75","1228","aarch64_vmsa::attrs::permissions::Stage2PermissionModel","trait","pure-compile-time-or-type-system","typed catalog bounds and compile-time regime/format selection","classified"
"ada32824cd813c16ab6ea30322ee396aad3aaa75","1200","aarch64_vmsa::attrs::permissions::Stage2Permissions","struct","pure-compile-time-or-type-system","zero-sized direct-stage2 permission-model selector; associated semantic values and non-XNX rejection are exercised separately","classified"
"ada32824cd813c16ab6ea30322ee396aad3aaa75","1229","aarch64_vmsa::attrs::permissions::Stage2XnxPermissions","struct","pure-compile-time-or-type-system","zero-sized XNX permission-model selector; all associated execute combinations are exercised separately","classified"
"ada32824cd813c16ab6ea30322ee396aad3aaa75","988","aarch64_vmsa::attrs::permissions::TwoPrivilegeLeafPermissions","struct","exercisable-through-typed-descriptor-inspection","all four architectural AP combinations and independent execute fields round-trip through lower-stage1 semantic descriptors; an invalid combination returns exact UnencodablePermissions","evidence-complete"
"ada32824cd813c16ab6ea30322ee396aad3aaa75","1017","aarch64_vmsa::attrs::permissions::TwoPrivilegeTablePermissionLimits","struct","exercisable-through-typed-descriptor-inspection","all four architectural AP-table combinations and independent execute limits are constructed by smoke.permission-semantics","evidence-complete"
"ada32824cd813c16ab6ea30322ee396aad3aaa75","1042","aarch64_vmsa::attrs::permissions::data","struct_field","exercisable-through-typed-descriptor-inspection","all DataAccess values round-trip in the 12-case XNX stage-2 matrix","evidence-complete"
"ada32824cd813c16ab6ea30322ee396aad3aaa75","930","aarch64_vmsa::attrs::permissions::data","struct_field","exercisable-through-typed-descriptor-inspection","single-privilege ReadWrite/ReadOnly mappings and exact unencodable permission normalization are exposed through stable semantic APIs","evidence-complete"
"ada32824cd813c16ab6ea30322ee396aad3aaa75","957","aarch64_vmsa::attrs::permissions::data_limit","struct_field","exercisable-through-typed-descriptor-inspection","single-privilege semantic table limits are constructed for live/offline EL2 and Secure mappings","evidence-complete"
"ada32824cd813c16ab6ea30322ee396aad3aaa75","931","aarch64_vmsa::attrs::permissions::execute","struct_field","exercisable-through-typed-descriptor-inspection","single-privilege execute semantics are encoded/decoded and active execute permission faults are covered by generated execution","evidence-complete"
"ada32824cd813c16ab6ea30322ee396aad3aaa75","958","aarch64_vmsa::attrs::permissions::execute_limit","struct_field","exercisable-through-typed-descriptor-inspection","single-privilege semantic table execute limits are constructed through stable semantic mapping","evidence-complete"
"ada32824cd813c16ab6ea30322ee396aad3aaa75","1259","aarch64_vmsa::attrs::permissions::privileged_data","struct_field","exercisable-through-typed-descriptor-inspection","D128 effective permission mappings decode exact privileged data access","evidence-complete"
"ada32824cd813c16ab6ea30322ee396aad3aaa75","984","aarch64_vmsa::attrs::permissions::privileged_data","struct_field","exercisable-through-typed-descriptor-inspection","ReadWrite and ReadOnly values round-trip across all valid two-privilege AP combinations","evidence-complete"
"ada32824cd813c16ab6ea30322ee396aad3aaa75","1013","aarch64_vmsa::attrs::permissions::privileged_data_limit","struct_field","exercisable-through-typed-descriptor-inspection","ReadWrite and ReadOnly limits are constructed across every AP-table combination","evidence-complete"
"ada32824cd813c16ab6ea30322ee396aad3aaa75","1043","aarch64_vmsa::attrs::permissions::privileged_execute","struct_field","exercisable-through-typed-descriptor-inspection","both values round-trip independently in the 12-case XNX stage-2 matrix","evidence-complete"
"ada32824cd813c16ab6ea30322ee396aad3aaa75","1261","aarch64_vmsa::attrs::permissions::privileged_execute","struct_field","exercisable-through-typed-descriptor-inspection","D128 effective permission mappings and execute-fault smokes expose both privileged execute states","evidence-complete"
"ada32824cd813c16ab6ea30322ee396aad3aaa75","986","aarch64_vmsa::attrs::permissions::privileged_execute","struct_field","exercisable-through-typed-descriptor-inspection","both values round-trip independently across the two-privilege semantic matrix","evidence-complete"
"ada32824cd813c16ab6ea30322ee396aad3aaa75","1015","aarch64_vmsa::attrs::permissions::privileged_execute_limit","struct_field","exercisable-through-typed-descriptor-inspection","both values are constructed independently across the semantic AP-table matrix","evidence-complete"
"ada32824cd813c16ab6ea30322ee396aad3aaa75","1263","aarch64_vmsa::attrs::permissions::privileged_gcs","struct_field","exercisable-through-typed-descriptor-inspection","privileged GCS true/false is configured and decoded independently through D128 permission indirection in output/runs/ns-el2-00001784004838046293-9296","evidence-complete"
"ada32824cd813c16ab6ea30322ee396aad3aaa75","1260","aarch64_vmsa::attrs::permissions::unprivileged_data","struct_field","exercisable-through-typed-descriptor-inspection","D128 effective permission mappings decode exact unprivileged data access","evidence-complete"
"ada32824cd813c16ab6ea30322ee396aad3aaa75","985","aarch64_vmsa::attrs::permissions::unprivileged_data","struct_field","exercisable-through-typed-descriptor-inspection","None, ReadOnly, and ReadWrite behavior is constructed across valid/invalid two-privilege combinations","evidence-complete"
"ada32824cd813c16ab6ea30322ee396aad3aaa75","1014","aarch64_vmsa::attrs::permissions::unprivileged_data_limit","struct_field","exercisable-through-typed-descriptor-inspection","None, ReadOnly, and ReadWrite limits are constructed across the AP-table matrix","evidence-complete"
"ada32824cd813c16ab6ea30322ee396aad3aaa75","1044","aarch64_vmsa::attrs::permissions::unprivileged_execute","struct_field","exercisable-through-typed-descriptor-inspection","both values round-trip independently in the 12-case XNX stage-2 matrix","evidence-complete"
"ada32824cd813c16ab6ea30322ee396aad3aaa75","1262","aarch64_vmsa::attrs::permissions::unprivileged_execute","struct_field","exercisable-through-typed-descriptor-inspection","D128 effective permission mappings and lower execute smokes expose unprivileged execute state","evidence-complete"
"ada32824cd813c16ab6ea30322ee396aad3aaa75","987","aarch64_vmsa::attrs::permissions::unprivileged_execute","struct_field","exercisable-through-typed-descriptor-inspection","both values round-trip independently across the two-privilege semantic matrix","evidence-complete"
"ada32824cd813c16ab6ea30322ee396aad3aaa75","1016","aarch64_vmsa::attrs::permissions::unprivileged_execute_limit","struct_field","exercisable-through-typed-descriptor-inspection","both values are constructed independently across the semantic AP-table matrix","evidence-complete"
"ada32824cd813c16ab6ea30322ee396aad3aaa75","1264","aarch64_vmsa::attrs::permissions::unprivileged_gcs","struct_field","exercisable-through-typed-descriptor-inspection","unprivileged GCS true/false is configured and decoded independently through D128 permission indirection in output/runs/ns-el2-00001784004838046293-9296","evidence-complete"
"ada32824cd813c16ab6ea30322ee396aad3aaa75","1368","aarch64_vmsa::attrs::raw::FourBit","struct","architecturally-unobservable","bounded raw-bit value construction/access is pure software; architecturally observable containing descriptor fields are covered separately","classified"
"ada32824cd813c16ab6ea30322ee396aad3aaa75","1369","aarch64_vmsa::attrs::raw::FourBit::ZERO","assoc_const","architecturally-unobservable","bounded raw-bit value construction/access is pure software; architecturally observable containing descriptor fields are covered separately","classified"
"ada32824cd813c16ab6ea30322ee396aad3aaa75","1372","aarch64_vmsa::attrs::raw::FourBit::bits","function","architecturally-unobservable","bounded raw-bit value construction/access is pure software; architecturally observable containing descriptor fields are covered separately","classified"
"ada32824cd813c16ab6ea30322ee396aad3aaa75","1370","aarch64_vmsa::attrs::raw::FourBit::new","function","architecturally-unobservable","bounded raw-bit value construction/access is pure software; architecturally observable containing descriptor fields are covered separately","classified"
"ada32824cd813c16ab6ea30322ee396aad3aaa75","1483","aarch64_vmsa::attrs::raw::LeafAp","struct","architecturally-unobservable","bounded raw-bit value construction/access is pure software; architecturally observable containing descriptor fields are covered separately","classified"
"ada32824cd813c16ab6ea30322ee396aad3aaa75","1485","aarch64_vmsa::attrs::raw::LeafAp::bits","function","architecturally-unobservable","bounded raw-bit value construction/access is pure software; architecturally observable containing descriptor fields are covered separately","classified"
"ada32824cd813c16ab6ea30322ee396aad3aaa75","1484","aarch64_vmsa::attrs::raw::LeafAp::from_bits","function","architecturally-unobservable","bounded raw-bit value construction/access is pure software; architecturally observable containing descriptor fields are covered separately","classified"
"ada32824cd813c16ab6ea30322ee396aad3aaa75","1738","aarch64_vmsa::attrs::raw::PermissionIndices","struct","exercisable-through-typed-descriptor-inspection","stable semantic mapping generates and typed walk/semantic inspection decodes VMSA64/D128 stage-1/stage-2 raw fields; retained permission/PAS and active-format smokes cover the descriptor mechanism","evidence-complete"
"ada32824cd813c16ab6ea30322ee396aad3aaa75","1623","aarch64_vmsa::attrs::raw::RawShareability","struct","architecturally-unobservable","bounded raw-bit value construction/access is pure software; architecturally observable containing descriptor fields are covered separately","classified"
"ada32824cd813c16ab6ea30322ee396aad3aaa75","1625","aarch64_vmsa::attrs::raw::RawShareability::bits","function","architecturally-unobservable","bounded raw-bit value construction/access is pure software; architecturally observable containing descriptor fields are covered separately","classified"
"ada32824cd813c16ab6ea30322ee396aad3aaa75","1624","aarch64_vmsa::attrs::raw::RawShareability::from_bits","function","architecturally-unobservable","bounded raw-bit value construction/access is pure software; architecturally observable containing descriptor fields are covered separately","classified"
"ada32824cd813c16ab6ea30322ee396aad3aaa75","1903","aarch64_vmsa::attrs::raw::RawVmsa128Stage1LeafAttrs","struct","exercisable-through-typed-descriptor-inspection","stable semantic mapping generates and typed walk/semantic inspection decodes VMSA64/D128 stage-1/stage-2 raw fields; retained permission/PAS and active-format smokes cover the descriptor mechanism","evidence-complete"
"ada32824cd813c16ab6ea30322ee396aad3aaa75","1934","aarch64_vmsa::attrs::raw::RawVmsa128Stage1TableAttrs","struct","exercisable-through-typed-descriptor-inspection","stable semantic mapping generates and typed walk/semantic inspection decodes VMSA64/D128 stage-1/stage-2 raw fields; retained permission/PAS and active-format smokes cover the descriptor mechanism","evidence-complete"
"ada32824cd813c16ab6ea30322ee396aad3aaa75","1972","aarch64_vmsa::attrs::raw::RawVmsa128Stage2LeafAttrs","struct","exercisable-through-typed-descriptor-inspection","stable semantic mapping generates and typed walk/semantic inspection decodes VMSA64/D128 stage-1/stage-2 raw fields; retained permission/PAS and active-format smokes cover the descriptor mechanism","evidence-complete"
"ada32824cd813c16ab6ea30322ee396aad3aaa75","2000","aarch64_vmsa::attrs::raw::RawVmsa128Stage2TableAttrs","struct","exercisable-through-typed-descriptor-inspection","stable semantic mapping generates and typed walk/semantic inspection decodes VMSA64/D128 stage-1/stage-2 raw fields; retained permission/PAS and active-format smokes cover the descriptor mechanism","evidence-complete"
"ada32824cd813c16ab6ea30322ee396aad3aaa75","1775","aarch64_vmsa::attrs::raw::RawVmsa64Stage1LeafAttrs","struct","exercisable-through-typed-descriptor-inspection","stable semantic mapping generates and typed walk/semantic inspection decodes VMSA64/D128 stage-1/stage-2 raw fields; retained permission/PAS and active-format smokes cover the descriptor mechanism","evidence-complete"
"ada32824cd813c16ab6ea30322ee396aad3aaa75","1805","aarch64_vmsa::attrs::raw::RawVmsa64Stage1TableAttrs","struct","exercisable-through-typed-descriptor-inspection","stable semantic mapping generates and typed walk/semantic inspection decodes VMSA64/D128 stage-1/stage-2 raw fields; retained permission/PAS and active-format smokes cover the descriptor mechanism","evidence-complete"
"ada32824cd813c16ab6ea30322ee396aad3aaa75","1838","aarch64_vmsa::attrs::raw::RawVmsa64Stage2LeafAttrs","struct","exercisable-through-typed-descriptor-inspection","stable semantic mapping generates and typed walk/semantic inspection decodes VMSA64/D128 stage-1/stage-2 raw fields; retained permission/PAS and active-format smokes cover the descriptor mechanism","evidence-complete"
"ada32824cd813c16ab6ea30322ee396aad3aaa75","1864","aarch64_vmsa::attrs::raw::RawVmsa64Stage2TableAttrs","struct","exercisable-through-typed-descriptor-inspection","stable semantic mapping generates and typed walk/semantic inspection decodes VMSA64/D128 stage-1/stage-2 raw fields; retained permission/PAS and active-format smokes cover the descriptor mechanism","evidence-complete"
"ada32824cd813c16ab6ea30322ee396aad3aaa75","1658","aarch64_vmsa::attrs::raw::Stage1NotDirty","struct","architecturally-unobservable","bounded raw-bit value construction/access is pure software; architecturally observable containing descriptor fields are covered separately","classified"
"ada32824cd813c16ab6ea30322ee396aad3aaa75","1660","aarch64_vmsa::attrs::raw::Stage1NotDirty::bit","function","architecturally-unobservable","bounded raw-bit value construction/access is pure software; architecturally observable containing descriptor fields are covered separately","classified"
"ada32824cd813c16ab6ea30322ee396aad3aaa75","1659","aarch64_vmsa::attrs::raw::Stage1NotDirty::new","function","architecturally-unobservable","bounded raw-bit value construction/access is pure software; architecturally observable containing descriptor fields are covered separately","classified"
"ada32824cd813c16ab6ea30322ee396aad3aaa75","1553","aarch64_vmsa::attrs::raw::Stage2Ap","struct","architecturally-unobservable","bounded raw-bit value construction/access is pure software; architecturally observable containing descriptor fields are covered separately","classified"
"ada32824cd813c16ab6ea30322ee396aad3aaa75","1555","aarch64_vmsa::attrs::raw::Stage2Ap::bits","function","architecturally-unobservable","bounded raw-bit value construction/access is pure software; architecturally observable containing descriptor fields are covered separately","classified"
"ada32824cd813c16ab6ea30322ee396aad3aaa75","1554","aarch64_vmsa::attrs::raw::Stage2Ap::from_bits","function","architecturally-unobservable","bounded raw-bit value construction/access is pure software; architecturally observable containing descriptor fields are covered separately","classified"
"ada32824cd813c16ab6ea30322ee396aad3aaa75","1698","aarch64_vmsa::attrs::raw::Stage2Dirty","struct","architecturally-unobservable","bounded raw-bit value construction/access is pure software; architecturally observable containing descriptor fields are covered separately","classified"
"ada32824cd813c16ab6ea30322ee396aad3aaa75","1700","aarch64_vmsa::attrs::raw::Stage2Dirty::bit","function","architecturally-unobservable","bounded raw-bit value construction/access is pure software; architecturally observable containing descriptor fields are covered separately","classified"
"ada32824cd813c16ab6ea30322ee396aad3aaa75","1699","aarch64_vmsa::attrs::raw::Stage2Dirty::new","function","architecturally-unobservable","bounded raw-bit value construction/access is pure software; architecturally observable containing descriptor fields are covered separately","classified"
"ada32824cd813c16ab6ea30322ee396aad3aaa75","1588","aarch64_vmsa::attrs::raw::Stage2ExecuteNever","struct","architecturally-unobservable","bounded raw-bit value construction/access is pure software; architecturally observable containing descriptor fields are covered separately","classified"
"ada32824cd813c16ab6ea30322ee396aad3aaa75","1590","aarch64_vmsa::attrs::raw::Stage2ExecuteNever::bits","function","architecturally-unobservable","bounded raw-bit value construction/access is pure software; architecturally observable containing descriptor fields are covered separately","classified"
"ada32824cd813c16ab6ea30322ee396aad3aaa75","1589","aarch64_vmsa::attrs::raw::Stage2ExecuteNever::from_bits","function","architecturally-unobservable","bounded raw-bit value construction/access is pure software; architecturally observable containing descriptor fields are covered separately","classified"
"ada32824cd813c16ab6ea30322ee396aad3aaa75","1518","aarch64_vmsa::attrs::raw::TableAp","struct","architecturally-unobservable","bounded raw-bit value construction/access is pure software; architecturally observable containing descriptor fields are covered separately","classified"
"ada32824cd813c16ab6ea30322ee396aad3aaa75","1520","aarch64_vmsa::attrs::raw::TableAp::bits","function","architecturally-unobservable","bounded raw-bit value construction/access is pure software; architecturally observable containing descriptor fields are covered separately","classified"
"ada32824cd813c16ab6ea30322ee396aad3aaa75","1519","aarch64_vmsa::attrs::raw::TableAp::from_bits","function","architecturally-unobservable","bounded raw-bit value construction/access is pure software; architecturally observable containing descriptor fields are covered separately","classified"
"ada32824cd813c16ab6ea30322ee396aad3aaa75","1445","aarch64_vmsa::attrs::raw::TenBit","struct","architecturally-unobservable","bounded raw-bit value construction/access is pure software; architecturally observable containing descriptor fields are covered separately","classified"
"ada32824cd813c16ab6ea30322ee396aad3aaa75","1446","aarch64_vmsa::attrs::raw::TenBit::ZERO","assoc_const","architecturally-unobservable","bounded raw-bit value construction/access is pure software; architecturally observable containing descriptor fields are covered separately","classified"
"ada32824cd813c16ab6ea30322ee396aad3aaa75","1448","aarch64_vmsa::attrs::raw::TenBit::bits","function","architecturally-unobservable","bounded raw-bit value construction/access is pure software; architecturally observable containing descriptor fields are covered separately","classified"
"ada32824cd813c16ab6ea30322ee396aad3aaa75","1447","aarch64_vmsa::attrs::raw::TenBit::new","function","architecturally-unobservable","bounded raw-bit value construction/access is pure software; architecturally observable containing descriptor fields are covered separately","classified"
"ada32824cd813c16ab6ea30322ee396aad3aaa75","1407","aarch64_vmsa::attrs::raw::ThreeBit","struct","architecturally-unobservable","bounded raw-bit value construction/access is pure software; architecturally observable containing descriptor fields are covered separately","classified"
"ada32824cd813c16ab6ea30322ee396aad3aaa75","1408","aarch64_vmsa::attrs::raw::ThreeBit::ZERO","assoc_const","architecturally-unobservable","bounded raw-bit value construction/access is pure software; architecturally observable containing descriptor fields are covered separately","classified"
"ada32824cd813c16ab6ea30322ee396aad3aaa75","1410","aarch64_vmsa::attrs::raw::ThreeBit::bits","function","architecturally-unobservable","bounded raw-bit value construction/access is pure software; architecturally observable containing descriptor fields are covered separately","classified"
"ada32824cd813c16ab6ea30322ee396aad3aaa75","1409","aarch64_vmsa::attrs::raw::ThreeBit::new","function","architecturally-unobservable","bounded raw-bit value construction/access is pure software; architecturally observable containing descriptor fields are covered separately","classified"
"ada32824cd813c16ab6ea30322ee396aad3aaa75","1831","aarch64_vmsa::attrs::raw::access","struct_field","exercisable-through-typed-descriptor-inspection","stable semantic mapping generates and typed walk/semantic inspection decodes VMSA64/D128 stage-1/stage-2 raw fields; retained permission/PAS and active-format smokes cover the descriptor mechanism","evidence-complete"
"ada32824cd813c16ab6ea30322ee396aad3aaa75","1767","aarch64_vmsa::attrs::raw::access_flag","struct_field","exercisable-through-typed-descriptor-inspection","stable semantic mapping generates and typed walk/semantic inspection decodes VMSA64/D128 stage-1/stage-2 raw fields; retained permission/PAS and active-format smokes cover the descriptor mechanism","evidence-complete"
"ada32824cd813c16ab6ea30322ee396aad3aaa75","1833","aarch64_vmsa::attrs::raw::access_flag","struct_field","exercisable-through-typed-descriptor-inspection","stable semantic mapping generates and typed walk/semantic inspection decodes VMSA64/D128 stage-1/stage-2 raw fields; retained permission/PAS and active-format smokes cover the descriptor mechanism","evidence-complete"
"ada32824cd813c16ab6ea30322ee396aad3aaa75","1895","aarch64_vmsa::attrs::raw::access_flag","struct_field","exercisable-through-typed-descriptor-inspection","stable semantic mapping generates and typed walk/semantic inspection decodes VMSA64/D128 stage-1/stage-2 raw fields; retained permission/PAS and active-format smokes cover the descriptor mechanism","evidence-complete"
"ada32824cd813c16ab6ea30322ee396aad3aaa75","1929","aarch64_vmsa::attrs::raw::access_flag","struct_field","exercisable-through-typed-descriptor-inspection","stable semantic mapping generates and typed walk/semantic inspection decodes VMSA64/D128 stage-1/stage-2 raw fields; retained permission/PAS and active-format smokes cover the descriptor mechanism","evidence-complete"
"ada32824cd813c16ab6ea30322ee396aad3aaa75","1965","aarch64_vmsa::attrs::raw::access_flag","struct_field","exercisable-through-typed-descriptor-inspection","stable semantic mapping generates and typed walk/semantic inspection decodes VMSA64/D128 stage-1/stage-2 raw fields; retained permission/PAS and active-format smokes cover the descriptor mechanism","evidence-complete"
"ada32824cd813c16ab6ea30322ee396aad3aaa75","1998","aarch64_vmsa::attrs::raw::access_flag","struct_field","exercisable-through-typed-descriptor-inspection","stable semantic mapping generates and typed walk/semantic inspection decodes VMSA64/D128 stage-1/stage-2 raw fields; retained permission/PAS and active-format smokes cover the descriptor mechanism","evidence-complete"
"ada32824cd813c16ab6ea30322ee396aad3aaa75","1768","aarch64_vmsa::attrs::raw::alias_bit","struct_field","exercisable-through-typed-descriptor-inspection","stable semantic mapping generates and typed walk/semantic inspection decodes VMSA64/D128 stage-1/stage-2 raw fields; retained permission/PAS and active-format smokes cover the descriptor mechanism","evidence-complete"
"ada32824cd813c16ab6ea30322ee396aad3aaa75","1896","aarch64_vmsa::attrs::raw::alias_bit","struct_field","exercisable-through-typed-descriptor-inspection","stable semantic mapping generates and typed walk/semantic inspection decodes VMSA64/D128 stage-1/stage-2 raw fields; retained permission/PAS and active-format smokes cover the descriptor mechanism","evidence-complete"
"ada32824cd813c16ab6ea30322ee396aad3aaa75","1765","aarch64_vmsa::attrs::raw::ap","struct_field","exercisable-through-typed-descriptor-inspection","stable semantic mapping generates and typed walk/semantic inspection decodes VMSA64/D128 stage-1/stage-2 raw fields; retained permission/PAS and active-format smokes cover the descriptor mechanism","evidence-complete"
"ada32824cd813c16ab6ea30322ee396aad3aaa75","1802","aarch64_vmsa::attrs::raw::ap_table","struct_field","exercisable-through-typed-descriptor-inspection","stable semantic mapping generates and typed walk/semantic inspection decodes VMSA64/D128 stage-1/stage-2 raw fields; retained permission/PAS and active-format smokes cover the descriptor mechanism","evidence-complete"
"ada32824cd813c16ab6ea30322ee396aad3aaa75","1968","aarch64_vmsa::attrs::raw::assured_only","struct_field","exercisable-through-typed-descriptor-inspection","stable semantic mapping generates and typed walk/semantic inspection decodes VMSA64/D128 stage-1/stage-2 raw fields; retained permission/PAS and active-format smokes cover the descriptor mechanism","evidence-complete"
"ada32824cd813c16ab6ea30322ee396aad3aaa75","1763","aarch64_vmsa::attrs::raw::attr_index","struct_field","exercisable-through-typed-descriptor-inspection","stable semantic mapping generates and typed walk/semantic inspection decodes VMSA64/D128 stage-1/stage-2 raw fields; retained permission/PAS and active-format smokes cover the descriptor mechanism","evidence-complete"
"ada32824cd813c16ab6ea30322ee396aad3aaa75","1891","aarch64_vmsa::attrs::raw::attr_index","struct_field","exercisable-through-typed-descriptor-inspection","stable semantic mapping generates and typed walk/semantic inspection decodes VMSA64/D128 stage-1/stage-2 raw fields; retained permission/PAS and active-format smokes cover the descriptor mechanism","evidence-complete"
"ada32824cd813c16ab6ea30322ee396aad3aaa75","1892","aarch64_vmsa::attrs::raw::bbm_nt","struct_field","exercisable-through-typed-descriptor-inspection","stable semantic mapping generates and typed walk/semantic inspection decodes VMSA64/D128 stage-1/stage-2 raw fields; retained permission/PAS and active-format smokes cover the descriptor mechanism","evidence-complete"
"ada32824cd813c16ab6ea30322ee396aad3aaa75","1962","aarch64_vmsa::attrs::raw::bbm_nt","struct_field","exercisable-through-typed-descriptor-inspection","stable semantic mapping generates and typed walk/semantic inspection decodes VMSA64/D128 stage-1/stage-2 raw fields; retained permission/PAS and active-format smokes cover the descriptor mechanism","evidence-complete"
"ada32824cd813c16ab6ea30322ee396aad3aaa75","1770","aarch64_vmsa::attrs::raw::contiguous","struct_field","exercisable-through-typed-descriptor-inspection","stable semantic mapping generates and typed walk/semantic inspection decodes VMSA64/D128 stage-1/stage-2 raw fields; retained permission/PAS and active-format smokes cover the descriptor mechanism","evidence-complete"
"ada32824cd813c16ab6ea30322ee396aad3aaa75","1835","aarch64_vmsa::attrs::raw::contiguous","struct_field","exercisable-through-typed-descriptor-inspection","stable semantic mapping generates and typed walk/semantic inspection decodes VMSA64/D128 stage-1/stage-2 raw fields; retained permission/PAS and active-format smokes cover the descriptor mechanism","evidence-complete"
"ada32824cd813c16ab6ea30322ee396aad3aaa75","1897","aarch64_vmsa::attrs::raw::contiguous","struct_field","exercisable-through-typed-descriptor-inspection","stable semantic mapping generates and typed walk/semantic inspection decodes VMSA64/D128 stage-1/stage-2 raw fields; retained permission/PAS and active-format smokes cover the descriptor mechanism","evidence-complete"
"ada32824cd813c16ab6ea30322ee396aad3aaa75","1967","aarch64_vmsa::attrs::raw::contiguous","struct_field","exercisable-through-typed-descriptor-inspection","stable semantic mapping generates and typed walk/semantic inspection decodes VMSA64/D128 stage-1/stage-2 raw fields; retained permission/PAS and active-format smokes cover the descriptor mechanism","evidence-complete"
"ada32824cd813c16ab6ea30322ee396aad3aaa75","1963","aarch64_vmsa::attrs::raw::dirty","struct_field","exercisable-through-typed-descriptor-inspection","stable semantic mapping generates and typed walk/semantic inspection decodes VMSA64/D128 stage-1/stage-2 raw fields; retained permission/PAS and active-format smokes cover the descriptor mechanism","evidence-complete"
"ada32824cd813c16ab6ea30322ee396aad3aaa75","1769","aarch64_vmsa::attrs::raw::dirty_bit_modifier","struct_field","exercisable-through-typed-descriptor-inspection","stable semantic mapping generates and typed walk/semantic inspection decodes VMSA64/D128 stage-1/stage-2 raw fields; retained permission/PAS and active-format smokes cover the descriptor mechanism","evidence-complete"
"ada32824cd813c16ab6ea30322ee396aad3aaa75","1834","aarch64_vmsa::attrs::raw::dirty_bit_modifier","struct_field","exercisable-through-typed-descriptor-inspection","stable semantic mapping generates and typed walk/semantic inspection decodes VMSA64/D128 stage-1/stage-2 raw fields; retained permission/PAS and active-format smokes cover the descriptor mechanism","evidence-complete"
"ada32824cd813c16ab6ea30322ee396aad3aaa75","1930","aarch64_vmsa::attrs::raw::disch","struct_field","exercisable-through-typed-descriptor-inspection","stable semantic mapping generates and typed walk/semantic inspection decodes VMSA64/D128 stage-1/stage-2 raw fields; retained permission/PAS and active-format smokes cover the descriptor mechanism","evidence-complete"
"ada32824cd813c16ab6ea30322ee396aad3aaa75","1836","aarch64_vmsa::attrs::raw::execute_never","struct_field","exercisable-through-typed-descriptor-inspection","stable semantic mapping generates and typed walk/semantic inspection decodes VMSA64/D128 stage-1/stage-2 raw fields; retained permission/PAS and active-format smokes cover the descriptor mechanism","evidence-complete"
"ada32824cd813c16ab6ea30322ee396aad3aaa75","1966","aarch64_vmsa::attrs::raw::force_no_execute","struct_field","exercisable-through-typed-descriptor-inspection","stable semantic mapping generates and typed walk/semantic inspection decodes VMSA64/D128 stage-1/stage-2 raw fields; retained permission/PAS and active-format smokes cover the descriptor mechanism","evidence-complete"
"ada32824cd813c16ab6ea30322ee396aad3aaa75","1773","aarch64_vmsa::attrs::raw::guarded","struct_field","exercisable-through-typed-descriptor-inspection","stable semantic mapping generates and typed walk/semantic inspection decodes VMSA64/D128 stage-1/stage-2 raw fields; retained permission/PAS and active-format smokes cover the descriptor mechanism","evidence-complete"
"ada32824cd813c16ab6ea30322ee396aad3aaa75","1898","aarch64_vmsa::attrs::raw::guarded","struct_field","exercisable-through-typed-descriptor-inspection","stable semantic mapping generates and typed walk/semantic inspection decodes VMSA64/D128 stage-1/stage-2 raw fields; retained permission/PAS and active-format smokes cover the descriptor mechanism","evidence-complete"
"ada32824cd813c16ab6ea30322ee396aad3aaa75","1830","aarch64_vmsa::attrs::raw::mem_attr","struct_field","exercisable-through-typed-descriptor-inspection","stable semantic mapping generates and typed walk/semantic inspection decodes VMSA64/D128 stage-1/stage-2 raw fields; retained permission/PAS and active-format smokes cover the descriptor mechanism","evidence-complete"
"ada32824cd813c16ab6ea30322ee396aad3aaa75","1961","aarch64_vmsa::attrs::raw::mem_attr","struct_field","exercisable-through-typed-descriptor-inspection","stable semantic mapping generates and typed walk/semantic inspection decodes VMSA64/D128 stage-1/stage-2 raw fields; retained permission/PAS and active-format smokes cover the descriptor mechanism","evidence-complete"
"ada32824cd813c16ab6ea30322ee396aad3aaa75","1893","aarch64_vmsa::attrs::raw::not_dirty","struct_field","exercisable-through-typed-descriptor-inspection","stable semantic mapping generates and typed walk/semantic inspection decodes VMSA64/D128 stage-1/stage-2 raw fields; retained permission/PAS and active-format smokes cover the descriptor mechanism","evidence-complete"
"ada32824cd813c16ab6ea30322ee396aad3aaa75","1764","aarch64_vmsa::attrs::raw::ns","struct_field","exercisable-through-typed-descriptor-inspection","stable semantic mapping generates and typed walk/semantic inspection decodes VMSA64/D128 stage-1/stage-2 raw fields; retained permission/PAS and active-format smokes cover the descriptor mechanism","evidence-complete"
"ada32824cd813c16ab6ea30322ee396aad3aaa75","1901","aarch64_vmsa::attrs::raw::ns","struct_field","exercisable-through-typed-descriptor-inspection","stable semantic mapping generates and typed walk/semantic inspection decodes VMSA64/D128 stage-1/stage-2 raw fields; retained permission/PAS and active-format smokes cover the descriptor mechanism","evidence-complete"
"ada32824cd813c16ab6ea30322ee396aad3aaa75","1970","aarch64_vmsa::attrs::raw::ns","struct_field","exercisable-through-typed-descriptor-inspection","stable semantic mapping generates and typed walk/semantic inspection decodes VMSA64/D128 stage-1/stage-2 raw fields; retained permission/PAS and active-format smokes cover the descriptor mechanism","evidence-complete"
"ada32824cd813c16ab6ea30322ee396aad3aaa75","1803","aarch64_vmsa::attrs::raw::ns_table","struct_field","exercisable-through-typed-descriptor-inspection","stable semantic mapping generates and typed walk/semantic inspection decodes VMSA64/D128 stage-1/stage-2 raw fields; retained permission/PAS and active-format smokes cover the descriptor mechanism","evidence-complete"
"ada32824cd813c16ab6ea30322ee396aad3aaa75","1932","aarch64_vmsa::attrs::raw::ns_table","struct_field","exercisable-through-typed-descriptor-inspection","stable semantic mapping generates and typed walk/semantic inspection decodes VMSA64/D128 stage-1/stage-2 raw fields; retained permission/PAS and active-format smokes cover the descriptor mechanism","evidence-complete"
"ada32824cd813c16ab6ea30322ee396aad3aaa75","1900","aarch64_vmsa::attrs::raw::permissions","struct_field","exercisable-through-typed-descriptor-inspection","stable semantic mapping generates and typed walk/semantic inspection decodes VMSA64/D128 stage-1/stage-2 raw fields; retained permission/PAS and active-format smokes cover the descriptor mechanism","evidence-complete"
"ada32824cd813c16ab6ea30322ee396aad3aaa75","1969","aarch64_vmsa::attrs::raw::permissions","struct_field","exercisable-through-typed-descriptor-inspection","stable semantic mapping generates and typed walk/semantic inspection decodes VMSA64/D128 stage-1/stage-2 raw fields; retained permission/PAS and active-format smokes cover the descriptor mechanism","evidence-complete"
"ada32824cd813c16ab6ea30322ee396aad3aaa75","1736","aarch64_vmsa::attrs::raw::pi","struct_field","exercisable-through-typed-descriptor-inspection","stable semantic mapping generates and typed walk/semantic inspection decodes VMSA64/D128 stage-1/stage-2 raw fields; retained permission/PAS and active-format smokes cover the descriptor mechanism","evidence-complete"
"ada32824cd813c16ab6ea30322ee396aad3aaa75","1737","aarch64_vmsa::attrs::raw::po","struct_field","exercisable-through-typed-descriptor-inspection","stable semantic mapping generates and typed walk/semantic inspection decodes VMSA64/D128 stage-1/stage-2 raw fields; retained permission/PAS and active-format smokes cover the descriptor mechanism","evidence-complete"
"ada32824cd813c16ab6ea30322ee396aad3aaa75","1771","aarch64_vmsa::attrs::raw::privileged_execute_never","struct_field","exercisable-through-typed-descriptor-inspection","stable semantic mapping generates and typed walk/semantic inspection decodes VMSA64/D128 stage-1/stage-2 raw fields; retained permission/PAS and active-format smokes cover the descriptor mechanism","evidence-complete"
"ada32824cd813c16ab6ea30322ee396aad3aaa75","1800","aarch64_vmsa::attrs::raw::privileged_execute_never_limit","struct_field","exercisable-through-typed-descriptor-inspection","stable semantic mapping generates and typed walk/semantic inspection decodes VMSA64/D128 stage-1/stage-2 raw fields; retained permission/PAS and active-format smokes cover the descriptor mechanism","evidence-complete"
"ada32824cd813c16ab6ea30322ee396aad3aaa75","1899","aarch64_vmsa::attrs::raw::protected","struct_field","exercisable-through-typed-descriptor-inspection","stable semantic mapping generates and typed walk/semantic inspection decodes VMSA64/D128 stage-1/stage-2 raw fields; retained permission/PAS and active-format smokes cover the descriptor mechanism","evidence-complete"
"ada32824cd813c16ab6ea30322ee396aad3aaa75","1931","aarch64_vmsa::attrs::raw::protected","struct_field","exercisable-through-typed-descriptor-inspection","stable semantic mapping generates and typed walk/semantic inspection decodes VMSA64/D128 stage-1/stage-2 raw fields; retained permission/PAS and active-format smokes cover the descriptor mechanism","evidence-complete"
"ada32824cd813c16ab6ea30322ee396aad3aaa75","1766","aarch64_vmsa::attrs::raw::shareability","struct_field","exercisable-through-typed-descriptor-inspection","stable semantic mapping generates and typed walk/semantic inspection decodes VMSA64/D128 stage-1/stage-2 raw fields; retained permission/PAS and active-format smokes cover the descriptor mechanism","evidence-complete"
"ada32824cd813c16ab6ea30322ee396aad3aaa75","1832","aarch64_vmsa::attrs::raw::shareability","struct_field","exercisable-through-typed-descriptor-inspection","stable semantic mapping generates and typed walk/semantic inspection decodes VMSA64/D128 stage-1/stage-2 raw fields; retained permission/PAS and active-format smokes cover the descriptor mechanism","evidence-complete"
"ada32824cd813c16ab6ea30322ee396aad3aaa75","1894","aarch64_vmsa::attrs::raw::shareability","struct_field","exercisable-through-typed-descriptor-inspection","stable semantic mapping generates and typed walk/semantic inspection decodes VMSA64/D128 stage-1/stage-2 raw fields; retained permission/PAS and active-format smokes cover the descriptor mechanism","evidence-complete"
"ada32824cd813c16ab6ea30322ee396aad3aaa75","1964","aarch64_vmsa::attrs::raw::shareability","struct_field","exercisable-through-typed-descriptor-inspection","stable semantic mapping generates and typed walk/semantic inspection decodes VMSA64/D128 stage-1/stage-2 raw fields; retained permission/PAS and active-format smokes cover the descriptor mechanism","evidence-complete"
"ada32824cd813c16ab6ea30322ee396aad3aaa75","1774","aarch64_vmsa::attrs::raw::software","struct_field","exercisable-through-typed-descriptor-inspection","stable semantic mapping generates and typed walk/semantic inspection decodes VMSA64/D128 stage-1/stage-2 raw fields; retained permission/PAS and active-format smokes cover the descriptor mechanism","evidence-complete"
"ada32824cd813c16ab6ea30322ee396aad3aaa75","1804","aarch64_vmsa::attrs::raw::software","struct_field","exercisable-through-typed-descriptor-inspection","stable semantic mapping generates and typed walk/semantic inspection decodes VMSA64/D128 stage-1/stage-2 raw fields; retained permission/PAS and active-format smokes cover the descriptor mechanism","evidence-complete"
"ada32824cd813c16ab6ea30322ee396aad3aaa75","1837","aarch64_vmsa::attrs::raw::software","struct_field","exercisable-through-typed-descriptor-inspection","stable semantic mapping generates and typed walk/semantic inspection decodes VMSA64/D128 stage-1/stage-2 raw fields; retained permission/PAS and active-format smokes cover the descriptor mechanism","evidence-complete"
"ada32824cd813c16ab6ea30322ee396aad3aaa75","1863","aarch64_vmsa::attrs::raw::software","struct_field","exercisable-through-typed-descriptor-inspection","stable semantic mapping generates and typed walk/semantic inspection decodes VMSA64/D128 stage-1/stage-2 raw fields; retained permission/PAS and active-format smokes cover the descriptor mechanism","evidence-complete"
"ada32824cd813c16ab6ea30322ee396aad3aaa75","1902","aarch64_vmsa::attrs::raw::software","struct_field","exercisable-through-typed-descriptor-inspection","stable semantic mapping generates and typed walk/semantic inspection decodes VMSA64/D128 stage-1/stage-2 raw fields; retained permission/PAS and active-format smokes cover the descriptor mechanism","evidence-complete"
"ada32824cd813c16ab6ea30322ee396aad3aaa75","1933","aarch64_vmsa::attrs::raw::software","struct_field","exercisable-through-typed-descriptor-inspection","stable semantic mapping generates and typed walk/semantic inspection decodes VMSA64/D128 stage-1/stage-2 raw fields; retained permission/PAS and active-format smokes cover the descriptor mechanism","evidence-complete"
"ada32824cd813c16ab6ea30322ee396aad3aaa75","1971","aarch64_vmsa::attrs::raw::software","struct_field","exercisable-through-typed-descriptor-inspection","stable semantic mapping generates and typed walk/semantic inspection decodes VMSA64/D128 stage-1/stage-2 raw fields; retained permission/PAS and active-format smokes cover the descriptor mechanism","evidence-complete"
"ada32824cd813c16ab6ea30322ee396aad3aaa75","1999","aarch64_vmsa::attrs::raw::software","struct_field","exercisable-through-typed-descriptor-inspection","stable semantic mapping generates and typed walk/semantic inspection decodes VMSA64/D128 stage-1/stage-2 raw fields; retained permission/PAS and active-format smokes cover the descriptor mechanism","evidence-complete"
"ada32824cd813c16ab6ea30322ee396aad3aaa75","1928","aarch64_vmsa::attrs::raw::table_nt","struct_field","exercisable-through-typed-descriptor-inspection","stable semantic mapping generates and typed walk/semantic inspection decodes VMSA64/D128 stage-1/stage-2 raw fields; retained permission/PAS and active-format smokes cover the descriptor mechanism","evidence-complete"
"ada32824cd813c16ab6ea30322ee396aad3aaa75","1997","aarch64_vmsa::attrs::raw::table_nt","struct_field","exercisable-through-typed-descriptor-inspection","stable semantic mapping generates and typed walk/semantic inspection decodes VMSA64/D128 stage-1/stage-2 raw fields; retained permission/PAS and active-format smokes cover the descriptor mechanism","evidence-complete"
"ada32824cd813c16ab6ea30322ee396aad3aaa75","1772","aarch64_vmsa::attrs::raw::unprivileged_execute_never","struct_field","exercisable-through-typed-descriptor-inspection","stable semantic mapping generates and typed walk/semantic inspection decodes VMSA64/D128 stage-1/stage-2 raw fields; retained permission/PAS and active-format smokes cover the descriptor mechanism","evidence-complete"
"ada32824cd813c16ab6ea30322ee396aad3aaa75","1801","aarch64_vmsa::attrs::raw::unprivileged_execute_never_limit","struct_field","exercisable-through-typed-descriptor-inspection","stable semantic mapping generates and typed walk/semantic inspection decodes VMSA64/D128 stage-1/stage-2 raw fields; retained permission/PAS and active-format smokes cover the descriptor mechanism","evidence-complete"
"ada32824cd813c16ab6ea30322ee396aad3aaa75","2087","aarch64_vmsa::attrs::resolve::D128AliasConfig","trait","pure-compile-time-or-type-system","typed catalog bounds and compile-time regime/format selection","classified"
"ada32824cd813c16ab6ea30322ee396aad3aaa75","2633","aarch64_vmsa::attrs::resolve::LiveVmsaConfig","struct","exercisable-through-typed-descriptor-inspection","stable semantic mapper construction and typed descriptor inspection; smoke.semantic-codec, smoke.permission-semantics, smoke.pas-semantics, and active D128 smokes","evidence-complete"
"ada32824cd813c16ab6ea30322ee396aad3aaa75","2385","aarch64_vmsa::attrs::resolve::PasConfig","trait","pure-compile-time-or-type-system","typed catalog bounds and compile-time regime/format selection","classified"
"ada32824cd813c16ab6ea30322ee396aad3aaa75","2073","aarch64_vmsa::attrs::resolve::ShareabilityConfig","trait","pure-compile-time-or-type-system","typed catalog bounds and compile-time regime/format selection","classified"
"ada32824cd813c16ab6ea30322ee396aad3aaa75","2058","aarch64_vmsa::attrs::resolve::Stage1MemoryConfig","trait","pure-compile-time-or-type-system","typed catalog bounds and compile-time regime/format selection","classified"
"ada32824cd813c16ab6ea30322ee396aad3aaa75","2086","aarch64_vmsa::attrs::resolve::Stage1PermissionConfig","trait","pure-compile-time-or-type-system","typed catalog bounds and compile-time regime/format selection","classified"
"ada32824cd813c16ab6ea30322ee396aad3aaa75","2353","aarch64_vmsa::attrs::resolve::Stage2MemoryConfig","trait","pure-compile-time-or-type-system","typed catalog bounds and compile-time regime/format selection","classified"
"ada32824cd813c16ab6ea30322ee396aad3aaa75","2600","aarch64_vmsa::attrs::resolve::Stage2MemoryMode","enum","exercisable-through-typed-descriptor-inspection","stable semantic mapper covers combined and every FWB encoding with MTE gating and wrong-mode normalization; smoke.permission-semantics in ns-el2-00001784005229606967-31968","evidence-complete"
"ada32824cd813c16ab6ea30322ee396aad3aaa75","2375","aarch64_vmsa::attrs::resolve::Stage2PermissionConfig","trait","pure-compile-time-or-type-system","typed catalog bounds and compile-time regime/format selection","classified"
"ada32824cd813c16ab6ea30322ee396aad3aaa75","2033","aarch64_vmsa::attrs::resolve::codec::AttributeCodec","trait","pure-compile-time-or-type-system","typed catalog bounds and compile-time regime/format selection","classified"
"ada32824cd813c16ab6ea30322ee396aad3aaa75","2062","aarch64_vmsa::attrs::resolve::codec::VmsaAttributeCodec","struct","exercisable-through-typed-descriptor-inspection","stable semantic mapper construction and typed descriptor inspection; smoke.semantic-codec, smoke.permission-semantics, smoke.pas-semantics, and active D128 smokes","evidence-complete"
"ada32824cd813c16ab6ea30322ee396aad3aaa75","2671","aarch64_vmsa::attrs::resolve::d128_stage1_alias","struct_field","exercisable-through-typed-descriptor-inspection","stable semantic mapper construction and typed descriptor inspection; smoke.semantic-codec, smoke.permission-semantics, smoke.pas-semantics, and active D128 smokes","evidence-complete"
"ada32824cd813c16ab6ea30322ee396aad3aaa75","2594","aarch64_vmsa::attrs::resolve::item_2594","use","pure-compile-time-or-type-system","public namespace and reexport surface","classified"
"ada32824cd813c16ab6ea30322ee396aad3aaa75","2595","aarch64_vmsa::attrs::resolve::item_2595","use","pure-compile-time-or-type-system","public namespace and reexport surface","classified"
"ada32824cd813c16ab6ea30322ee396aad3aaa75","2596","aarch64_vmsa::attrs::resolve::item_2596","use","pure-compile-time-or-type-system","public namespace and reexport surface","classified"
"ada32824cd813c16ab6ea30322ee396aad3aaa75","2698","aarch64_vmsa::attrs::resolve::item_2698","use","pure-compile-time-or-type-system","public namespace and reexport surface","classified"
"ada32824cd813c16ab6ea30322ee396aad3aaa75","2666","aarch64_vmsa::attrs::resolve::mair","struct_field","exercisable-through-typed-descriptor-inspection","stable semantic mapper construction and typed descriptor inspection; smoke.semantic-codec, smoke.permission-semantics, smoke.pas-semantics, and active D128 smokes","evidence-complete"
"ada32824cd813c16ab6ea30322ee396aad3aaa75","2667","aarch64_vmsa::attrs::resolve::mair2","struct_field","exercisable-through-typed-descriptor-inspection","stable semantic mapper construction and typed descriptor inspection; smoke.semantic-codec, smoke.permission-semantics, smoke.pas-semantics, and active D128 smokes","evidence-complete"
"ada32824cd813c16ab6ea30322ee396aad3aaa75","2673","aarch64_vmsa::attrs::resolve::output_pas","struct_field","exercisable-through-typed-descriptor-inspection","stable semantic mapper PAS encode/decode across Secure, Realm, Root, and Non-secure regimes; smoke.pas-semantics and root d128 permission-indirection evidence","evidence-complete"
"ada32824cd813c16ab6ea30322ee396aad3aaa75","2488","aarch64_vmsa::attrs::resolve::pas::RawStage1LeafPas","struct","exercisable-through-typed-descriptor-inspection","stable semantic mapper PAS encode/decode across Secure, Realm, Root, and Non-secure regimes; smoke.pas-semantics and root d128 permission-indirection evidence","evidence-complete"
"ada32824cd813c16ab6ea30322ee396aad3aaa75","2060","aarch64_vmsa::attrs::resolve::pas::Stage1PasResolver","trait","pure-compile-time-or-type-system","typed catalog bounds and compile-time regime/format selection","classified"
"ada32824cd813c16ab6ea30322ee396aad3aaa75","2486","aarch64_vmsa::attrs::resolve::pas::ns","struct_field","exercisable-through-typed-descriptor-inspection","stable semantic mapper PAS encode/decode across Secure, Realm, Root, and Non-secure regimes; smoke.pas-semantics and root d128 permission-indirection evidence","evidence-complete"
"ada32824cd813c16ab6ea30322ee396aad3aaa75","2487","aarch64_vmsa::attrs::resolve::pas::nse","struct_field","exercisable-through-typed-descriptor-inspection","stable semantic mapper PAS encode/decode across Secure, Realm, Root, and Non-secure regimes; smoke.pas-semantics and root d128 permission-indirection evidence","evidence-complete"
"ada32824cd813c16ab6ea30322ee396aad3aaa75","2672","aarch64_vmsa::attrs::resolve::shareability","struct_field","exercisable-through-typed-descriptor-inspection","stable semantic mapper construction and typed descriptor inspection; smoke.semantic-codec, smoke.permission-semantics, smoke.pas-semantics, and active D128 smokes","evidence-complete"
"ada32824cd813c16ab6ea30322ee396aad3aaa75","2668","aarch64_vmsa::attrs::resolve::stage1_permissions","struct_field","exercisable-through-typed-descriptor-inspection","stable semantic mapper permission encode/decode and exact normalized negative paths; smoke.permission-semantics in ns-el2-00001784005229606967-31968","evidence-complete"
"ada32824cd813c16ab6ea30322ee396aad3aaa75","2554","aarch64_vmsa::attrs::resolve::stage1_permissions::RawStage1DirectLeafPermissions","struct","exercisable-through-typed-descriptor-inspection","stable semantic mapper permission encode/decode and exact normalized negative paths; smoke.permission-semantics in ns-el2-00001784005229606967-31968","evidence-complete"
"ada32824cd813c16ab6ea30322ee396aad3aaa75","2558","aarch64_vmsa::attrs::resolve::stage1_permissions::RawStage1TablePermissionLimits","struct","exercisable-through-typed-descriptor-inspection","stable semantic mapper permission encode/decode and exact normalized negative paths; smoke.permission-semantics in ns-el2-00001784005229606967-31968","evidence-complete"
"ada32824cd813c16ab6ea30322ee396aad3aaa75","2059","aarch64_vmsa::attrs::resolve::stage1_permissions::Stage1DirectPermissionModel","trait","pure-compile-time-or-type-system","typed catalog bounds and compile-time regime/format selection","classified"
"ada32824cd813c16ab6ea30322ee396aad3aaa75","2498","aarch64_vmsa::attrs::resolve::stage1_permissions::Stage1PermissionRegisterPair","struct","exercisable-through-typed-descriptor-inspection","stable semantic mapper permission encode/decode and exact normalized negative paths; smoke.permission-semantics in ns-el2-00001784005229606967-31968","evidence-complete"
"ada32824cd813c16ab6ea30322ee396aad3aaa75","2526","aarch64_vmsa::attrs::resolve::stage1_permissions::Stage1PermissionRegisters","struct","exercisable-through-typed-descriptor-inspection","stable semantic mapper permission encode/decode and exact normalized negative paths; smoke.permission-semantics in ns-el2-00001784005229606967-31968","evidence-complete"
"ada32824cd813c16ab6ea30322ee396aad3aaa75","2551","aarch64_vmsa::attrs::resolve::stage1_permissions::ap","struct_field","exercisable-through-typed-descriptor-inspection","stable semantic mapper permission encode/decode and exact normalized negative paths; smoke.permission-semantics in ns-el2-00001784005229606967-31968","evidence-complete"
"ada32824cd813c16ab6ea30322ee396aad3aaa75","2555","aarch64_vmsa::attrs::resolve::stage1_permissions::ap_table","struct_field","exercisable-through-typed-descriptor-inspection","stable semantic mapper permission encode/decode and exact normalized negative paths; smoke.permission-semantics in ns-el2-00001784005229606967-31968","evidence-complete"
"ada32824cd813c16ab6ea30322ee396aad3aaa75","2496","aarch64_vmsa::attrs::resolve::stage1_permissions::base","struct_field","exercisable-through-typed-descriptor-inspection","stable semantic mapper permission encode/decode and exact normalized negative paths; smoke.permission-semantics in ns-el2-00001784005229606967-31968","evidence-complete"
"ada32824cd813c16ab6ea30322ee396aad3aaa75","2525","aarch64_vmsa::attrs::resolve::stage1_permissions::gcs_implemented","struct_field","exercisable-through-typed-descriptor-inspection","stable semantic mapper permission encode/decode and exact normalized negative paths; smoke.permission-semantics in ns-el2-00001784005229606967-31968","evidence-complete"
"ada32824cd813c16ab6ea30322ee396aad3aaa75","2497","aarch64_vmsa::attrs::resolve::stage1_permissions::overlay","struct_field","exercisable-through-typed-descriptor-inspection","stable semantic mapper permission encode/decode and exact normalized negative paths; smoke.permission-semantics in ns-el2-00001784005229606967-31968","evidence-complete"
"ada32824cd813c16ab6ea30322ee396aad3aaa75","2523","aarch64_vmsa::attrs::resolve::stage1_permissions::privileged","struct_field","exercisable-through-typed-descriptor-inspection","stable semantic mapper permission encode/decode and exact normalized negative paths; smoke.permission-semantics in ns-el2-00001784005229606967-31968","evidence-complete"
"ada32824cd813c16ab6ea30322ee396aad3aaa75","2552","aarch64_vmsa::attrs::resolve::stage1_permissions::privileged_execute_never","struct_field","exercisable-through-typed-descriptor-inspection","stable semantic mapper permission encode/decode and exact normalized negative paths; smoke.permission-semantics in ns-el2-00001784005229606967-31968","evidence-complete"
"ada32824cd813c16ab6ea30322ee396aad3aaa75","2556","aarch64_vmsa::attrs::resolve::stage1_permissions::privileged_execute_never_limit","struct_field","exercisable-through-typed-descriptor-inspection","stable semantic mapper permission encode/decode and exact normalized negative paths; smoke.permission-semantics in ns-el2-00001784005229606967-31968","evidence-complete"
"ada32824cd813c16ab6ea30322ee396aad3aaa75","2524","aarch64_vmsa::attrs::resolve::stage1_permissions::unprivileged","struct_field","exercisable-through-typed-descriptor-inspection","stable semantic mapper permission encode/decode and exact normalized negative paths; smoke.permission-semantics in ns-el2-00001784005229606967-31968","evidence-complete"
"ada32824cd813c16ab6ea30322ee396aad3aaa75","2553","aarch64_vmsa::attrs::resolve::stage1_permissions::unprivileged_execute_never","struct_field","exercisable-through-typed-descriptor-inspection","stable semantic mapper permission encode/decode and exact normalized negative paths; smoke.permission-semantics in ns-el2-00001784005229606967-31968","evidence-complete"
"ada32824cd813c16ab6ea30322ee396aad3aaa75","2557","aarch64_vmsa::attrs::resolve::stage1_permissions::unprivileged_execute_never_limit","struct_field","exercisable-through-typed-descriptor-inspection","stable semantic mapper permission encode/decode and exact normalized negative paths; smoke.permission-semantics in ns-el2-00001784005229606967-31968","evidence-complete"
"ada32824cd813c16ab6ea30322ee396aad3aaa75","2670","aarch64_vmsa::attrs::resolve::stage2_memory_mode","struct_field","exercisable-through-typed-descriptor-inspection","stable semantic mapper covers combined and every FWB encoding with MTE gating and wrong-mode normalization; smoke.permission-semantics in ns-el2-00001784005229606967-31968","evidence-complete"
"ada32824cd813c16ab6ea30322ee396aad3aaa75","2669","aarch64_vmsa::attrs::resolve::stage2_permissions","struct_field","exercisable-through-typed-descriptor-inspection","stable semantic mapper permission encode/decode and exact normalized negative paths; smoke.permission-semantics in ns-el2-00001784005229606967-31968","evidence-complete"
"ada32824cd813c16ab6ea30322ee396aad3aaa75","2566","aarch64_vmsa::attrs::resolve::stage2_permissions::Stage2PermissionRegisters","struct","exercisable-through-typed-descriptor-inspection","stable semantic mapper permission encode/decode and exact normalized negative paths; smoke.permission-semantics in ns-el2-00001784005229606967-31968","evidence-complete"
"ada32824cd813c16ab6ea30322ee396aad3aaa75","2564","aarch64_vmsa::attrs::resolve::stage2_permissions::s2pir_el2","struct_field","exercisable-through-typed-descriptor-inspection","stable semantic mapper permission encode/decode and exact normalized negative paths; smoke.permission-semantics in ns-el2-00001784005229606967-31968","evidence-complete"
"ada32824cd813c16ab6ea30322ee396aad3aaa75","2565","aarch64_vmsa::attrs::resolve::stage2_permissions::s2por_el1","struct_field","exercisable-through-typed-descriptor-inspection","stable semantic mapper permission encode/decode and exact normalized negative paths; smoke.permission-semantics in ns-el2-00001784005229606967-31968","evidence-complete"
"ada32824cd813c16ab6ea30322ee396aad3aaa75","2804","aarch64_vmsa::attrs::semantic::AllocationHints","enum","exercisable-through-typed-descriptor-inspection","source-reviewed stable semantic map/decode and typed descriptor-inspection surface; attribute behavior is constructed without raw descriptors","evidence-complete"
"ada32824cd813c16ab6ea30322ee396aad3aaa75","2769","aarch64_vmsa::attrs::semantic::CachePolicy","enum","exercisable-through-typed-descriptor-inspection","source-reviewed stable semantic map/decode and typed descriptor-inspection surface; attribute behavior is constructed without raw descriptors","evidence-complete"
"ada32824cd813c16ab6ea30322ee396aad3aaa75","2873","aarch64_vmsa::attrs::semantic::Cacheability","enum","exercisable-through-typed-descriptor-inspection","source-reviewed stable semantic map/decode and typed descriptor-inspection surface; attribute behavior is constructed without raw descriptors","evidence-complete"
"ada32824cd813c16ab6ea30322ee396aad3aaa75","2650","aarch64_vmsa::attrs::semantic::D128Stage1AliasKind","enum","exercisable-through-typed-descriptor-inspection","source-reviewed stable semantic map/decode and typed descriptor-inspection surface; attribute behavior is constructed without raw descriptors","evidence-complete"
"ada32824cd813c16ab6ea30322ee396aad3aaa75","2736","aarch64_vmsa::attrs::semantic::DeviceMemoryType","enum","exercisable-through-typed-descriptor-inspection","source-reviewed stable semantic map/decode and typed descriptor-inspection surface; attribute behavior is constructed without raw descriptors","evidence-complete"
"ada32824cd813c16ab6ea30322ee396aad3aaa75","3116","aarch64_vmsa::attrs::semantic::DirtyBitManagement","enum","exercisable-through-typed-descriptor-inspection","source-reviewed stable semantic map/decode and typed descriptor-inspection surface; attribute behavior is constructed without raw descriptors","evidence-complete"
"ada32824cd813c16ab6ea30322ee396aad3aaa75","1693","aarch64_vmsa::attrs::semantic::DirtyState","enum","exercisable-through-typed-descriptor-inspection","source-reviewed stable semantic map/decode and typed descriptor-inspection surface; attribute behavior is constructed without raw descriptors","evidence-complete"
"ada32824cd813c16ab6ea30322ee396aad3aaa75","2947","aarch64_vmsa::attrs::semantic::FwbStage2Memory","enum","exercisable-through-typed-descriptor-inspection","source-reviewed stable semantic map/decode and typed descriptor-inspection surface; attribute behavior is constructed without raw descriptors","evidence-complete"
"ada32824cd813c16ab6ea30322ee396aad3aaa75","2909","aarch64_vmsa::attrs::semantic::MemoryAttributes","enum","exercisable-through-typed-descriptor-inspection","source-reviewed stable semantic map/decode and typed descriptor-inspection surface; attribute behavior is constructed without raw descriptors","evidence-complete"
"ada32824cd813c16ab6ea30322ee396aad3aaa75","2837","aarch64_vmsa::attrs::semantic::MemoryTransience","enum","exercisable-through-typed-descriptor-inspection","source-reviewed stable semantic map/decode and typed descriptor-inspection surface; attribute behavior is constructed without raw descriptors","evidence-complete"
"ada32824cd813c16ab6ea30322ee396aad3aaa75","2044","aarch64_vmsa::attrs::semantic::SemanticStage1LeafAttrs","struct","exercisable-through-typed-descriptor-inspection","source-reviewed stable semantic map/decode and typed descriptor-inspection surface; attribute behavior is constructed without raw descriptors","evidence-complete"
"ada32824cd813c16ab6ea30322ee396aad3aaa75","2049","aarch64_vmsa::attrs::semantic::SemanticStage1TableAttrs","struct","exercisable-through-typed-descriptor-inspection","source-reviewed stable semantic map/decode and typed descriptor-inspection surface; attribute behavior is constructed without raw descriptors","evidence-complete"
"ada32824cd813c16ab6ea30322ee396aad3aaa75","2342","aarch64_vmsa::attrs::semantic::SemanticStage2LeafAttrs","struct","exercisable-through-typed-descriptor-inspection","source-reviewed stable semantic map/decode and typed descriptor-inspection surface; attribute behavior is constructed without raw descriptors","evidence-complete"
"ada32824cd813c16ab6ea30322ee396aad3aaa75","3231","aarch64_vmsa::attrs::semantic::SemanticStage2TableAttrs","struct","exercisable-through-typed-descriptor-inspection","source-reviewed stable semantic map/decode and typed descriptor-inspection surface; attribute behavior is constructed without raw descriptors","evidence-complete"
"ada32824cd813c16ab6ea30322ee396aad3aaa75","2076","aarch64_vmsa::attrs::semantic::SemanticVmsa128Stage1LeafControls","struct","exercisable-through-typed-descriptor-inspection","source-reviewed stable semantic map/decode and typed descriptor-inspection surface; attribute behavior is constructed without raw descriptors","evidence-complete"
"ada32824cd813c16ab6ea30322ee396aad3aaa75","2078","aarch64_vmsa::attrs::semantic::SemanticVmsa128Stage1TableAttrs","struct","exercisable-through-typed-descriptor-inspection","source-reviewed stable semantic map/decode and typed descriptor-inspection surface; attribute behavior is constructed without raw descriptors","evidence-complete"
"ada32824cd813c16ab6ea30322ee396aad3aaa75","2365","aarch64_vmsa::attrs::semantic::SemanticVmsa128Stage2LeafControls","struct","exercisable-through-typed-descriptor-inspection","source-reviewed stable semantic map/decode and typed descriptor-inspection surface; attribute behavior is constructed without raw descriptors","evidence-complete"
"ada32824cd813c16ab6ea30322ee396aad3aaa75","2367","aarch64_vmsa::attrs::semantic::SemanticVmsa128Stage2TableAttrs","struct","exercisable-through-typed-descriptor-inspection","source-reviewed stable semantic map/decode and typed descriptor-inspection surface; attribute behavior is constructed without raw descriptors","evidence-complete"
"ada32824cd813c16ab6ea30322ee396aad3aaa75","2047","aarch64_vmsa::attrs::semantic::SemanticVmsa64Stage1LeafControls","struct","exercisable-through-typed-descriptor-inspection","source-reviewed stable semantic map/decode and typed descriptor-inspection surface; attribute behavior is constructed without raw descriptors","evidence-complete"
"ada32824cd813c16ab6ea30322ee396aad3aaa75","2050","aarch64_vmsa::attrs::semantic::SemanticVmsa64Stage1TableControls","struct","exercisable-through-typed-descriptor-inspection","source-reviewed stable semantic map/decode and typed descriptor-inspection surface; attribute behavior is constructed without raw descriptors","evidence-complete"
"ada32824cd813c16ab6ea30322ee396aad3aaa75","2343","aarch64_vmsa::attrs::semantic::SemanticVmsa64Stage2LeafControls","struct","exercisable-through-typed-descriptor-inspection","source-reviewed stable semantic map/decode and typed descriptor-inspection surface; attribute behavior is constructed without raw descriptors","evidence-complete"
"ada32824cd813c16ab6ea30322ee396aad3aaa75","2345","aarch64_vmsa::attrs::semantic::SemanticVmsa64Stage2TableAttrs","struct","exercisable-through-typed-descriptor-inspection","source-reviewed stable semantic map/decode and typed descriptor-inspection surface; attribute behavior is constructed without raw descriptors","evidence-complete"
"ada32824cd813c16ab6ea30322ee396aad3aaa75","2656","aarch64_vmsa::attrs::semantic::Shareability","enum","exercisable-through-typed-descriptor-inspection","source-reviewed stable semantic map/decode and typed descriptor-inspection surface; attribute behavior is constructed without raw descriptors","evidence-complete"
"ada32824cd813c16ab6ea30322ee396aad3aaa75","3014","aarch64_vmsa::attrs::semantic::SoftwareMetadata","struct","exercisable-through-typed-descriptor-inspection","source-reviewed stable semantic map/decode and typed descriptor-inspection surface; attribute behavior is constructed without raw descriptors","evidence-complete"
"ada32824cd813c16ab6ea30322ee396aad3aaa75","3015","aarch64_vmsa::attrs::semantic::SoftwareMetadata::new","function","exercisable-through-typed-descriptor-inspection","source-reviewed stable semantic map/decode and typed descriptor-inspection surface; attribute behavior is constructed without raw descriptors","evidence-complete"
"ada32824cd813c16ab6ea30322ee396aad3aaa75","3016","aarch64_vmsa::attrs::semantic::SoftwareMetadata::value","function","exercisable-through-typed-descriptor-inspection","source-reviewed stable semantic map/decode and typed descriptor-inspection surface; attribute behavior is constructed without raw descriptors","evidence-complete"
"ada32824cd813c16ab6ea30322ee396aad3aaa75","2982","aarch64_vmsa::attrs::semantic::Stage2MemoryAttributes","enum","exercisable-through-typed-descriptor-inspection","source-reviewed stable semantic map/decode and typed descriptor-inspection surface; attribute behavior is constructed without raw descriptors","evidence-complete"
"ada32824cd813c16ab6ea30322ee396aad3aaa75","3257","aarch64_vmsa::attrs::semantic::access_flag","struct_field","exercisable-through-typed-descriptor-inspection","source-reviewed stable semantic map/decode and typed descriptor-inspection surface; attribute behavior is constructed without raw descriptors","evidence-complete"
"ada32824cd813c16ab6ea30322ee396aad3aaa75","3315","aarch64_vmsa::attrs::semantic::access_flag","struct_field","exercisable-through-typed-descriptor-inspection","source-reviewed stable semantic map/decode and typed descriptor-inspection surface; attribute behavior is constructed without raw descriptors","evidence-complete"
"ada32824cd813c16ab6ea30322ee396aad3aaa75","3373","aarch64_vmsa::attrs::semantic::access_flag","struct_field","exercisable-through-typed-descriptor-inspection","source-reviewed stable semantic map/decode and typed descriptor-inspection surface; attribute behavior is constructed without raw descriptors","evidence-complete"
"ada32824cd813c16ab6ea30322ee396aad3aaa75","3404","aarch64_vmsa::attrs::semantic::access_flag","struct_field","exercisable-through-typed-descriptor-inspection","source-reviewed stable semantic map/decode and typed descriptor-inspection surface; attribute behavior is constructed without raw descriptors","evidence-complete"
"ada32824cd813c16ab6ea30322ee396aad3aaa75","3438","aarch64_vmsa::attrs::semantic::access_flag","struct_field","exercisable-through-typed-descriptor-inspection","source-reviewed stable semantic map/decode and typed descriptor-inspection surface; attribute behavior is constructed without raw descriptors","evidence-complete"
"ada32824cd813c16ab6ea30322ee396aad3aaa75","3468","aarch64_vmsa::attrs::semantic::access_flag","struct_field","exercisable-through-typed-descriptor-inspection","source-reviewed stable semantic map/decode and typed descriptor-inspection surface; attribute behavior is constructed without raw descriptors","evidence-complete"
"ada32824cd813c16ab6ea30322ee396aad3aaa75","3441","aarch64_vmsa::attrs::semantic::assured_only","struct_field","exercisable-through-typed-descriptor-inspection","source-reviewed stable semantic map/decode and typed descriptor-inspection surface; attribute behavior is constructed without raw descriptors","evidence-complete"
"ada32824cd813c16ab6ea30322ee396aad3aaa75","3370","aarch64_vmsa::attrs::semantic::bbm_nt","struct_field","exercisable-through-typed-descriptor-inspection","source-reviewed stable semantic map/decode and typed descriptor-inspection surface; attribute behavior is constructed without raw descriptors","evidence-complete"
"ada32824cd813c16ab6ea30322ee396aad3aaa75","3435","aarch64_vmsa::attrs::semantic::bbm_nt","struct_field","exercisable-through-typed-descriptor-inspection","source-reviewed stable semantic map/decode and typed descriptor-inspection surface; attribute behavior is constructed without raw descriptors","evidence-complete"
"ada32824cd813c16ab6ea30322ee396aad3aaa75","3260","aarch64_vmsa::attrs::semantic::contiguous","struct_field","exercisable-through-typed-descriptor-inspection","source-reviewed stable semantic map/decode and typed descriptor-inspection surface; attribute behavior is constructed without raw descriptors","evidence-complete"
"ada32824cd813c16ab6ea30322ee396aad3aaa75","3317","aarch64_vmsa::attrs::semantic::contiguous","struct_field","exercisable-through-typed-descriptor-inspection","source-reviewed stable semantic map/decode and typed descriptor-inspection surface; attribute behavior is constructed without raw descriptors","evidence-complete"
"ada32824cd813c16ab6ea30322ee396aad3aaa75","3375","aarch64_vmsa::attrs::semantic::contiguous","struct_field","exercisable-through-typed-descriptor-inspection","source-reviewed stable semantic map/decode and typed descriptor-inspection surface; attribute behavior is constructed without raw descriptors","evidence-complete"
"ada32824cd813c16ab6ea30322ee396aad3aaa75","3440","aarch64_vmsa::attrs::semantic::contiguous","struct_field","exercisable-through-typed-descriptor-inspection","source-reviewed stable semantic map/decode and typed descriptor-inspection surface; attribute behavior is constructed without raw descriptors","evidence-complete"
"ada32824cd813c16ab6ea30322ee396aad3aaa75","3150","aarch64_vmsa::attrs::semantic::controls","struct_field","exercisable-through-typed-descriptor-inspection","source-reviewed stable semantic map/decode and typed descriptor-inspection surface; attribute behavior is constructed without raw descriptors","evidence-complete"
"ada32824cd813c16ab6ea30322ee396aad3aaa75","3177","aarch64_vmsa::attrs::semantic::controls","struct_field","exercisable-through-typed-descriptor-inspection","source-reviewed stable semantic map/decode and typed descriptor-inspection surface; attribute behavior is constructed without raw descriptors","evidence-complete"
"ada32824cd813c16ab6ea30322ee396aad3aaa75","3205","aarch64_vmsa::attrs::semantic::controls","struct_field","exercisable-through-typed-descriptor-inspection","source-reviewed stable semantic map/decode and typed descriptor-inspection surface; attribute behavior is constructed without raw descriptors","evidence-complete"
"ada32824cd813c16ab6ea30322ee396aad3aaa75","3230","aarch64_vmsa::attrs::semantic::controls","struct_field","exercisable-through-typed-descriptor-inspection","source-reviewed stable semantic map/decode and typed descriptor-inspection surface; attribute behavior is constructed without raw descriptors","evidence-complete"
"ada32824cd813c16ab6ea30322ee396aad3aaa75","3259","aarch64_vmsa::attrs::semantic::dirty_management","struct_field","exercisable-through-typed-descriptor-inspection","source-reviewed stable semantic map/decode and typed descriptor-inspection surface; attribute behavior is constructed without raw descriptors","evidence-complete"
"ada32824cd813c16ab6ea30322ee396aad3aaa75","3316","aarch64_vmsa::attrs::semantic::dirty_management","struct_field","exercisable-through-typed-descriptor-inspection","source-reviewed stable semantic map/decode and typed descriptor-inspection surface; attribute behavior is constructed without raw descriptors","evidence-complete"
"ada32824cd813c16ab6ea30322ee396aad3aaa75","3371","aarch64_vmsa::attrs::semantic::dirty_state","struct_field","exercisable-through-typed-descriptor-inspection","source-reviewed stable semantic map/decode and typed descriptor-inspection surface; attribute behavior is constructed without raw descriptors","evidence-complete"
"ada32824cd813c16ab6ea30322ee396aad3aaa75","3436","aarch64_vmsa::attrs::semantic::dirty_state","struct_field","exercisable-through-typed-descriptor-inspection","source-reviewed stable semantic map/decode and typed descriptor-inspection surface; attribute behavior is constructed without raw descriptors","evidence-complete"
"ada32824cd813c16ab6ea30322ee396aad3aaa75","3405","aarch64_vmsa::attrs::semantic::disch","struct_field","exercisable-through-typed-descriptor-inspection","source-reviewed stable semantic map/decode and typed descriptor-inspection surface; attribute behavior is constructed without raw descriptors","evidence-complete"
"ada32824cd813c16ab6ea30322ee396aad3aaa75","3439","aarch64_vmsa::attrs::semantic::force_no_execute","struct_field","exercisable-through-typed-descriptor-inspection","source-reviewed stable semantic map/decode and typed descriptor-inspection surface; attribute behavior is constructed without raw descriptors","evidence-complete"
"ada32824cd813c16ab6ea30322ee396aad3aaa75","3258","aarch64_vmsa::attrs::semantic::global","struct_field","exercisable-through-typed-descriptor-inspection","source-reviewed stable semantic map/decode and typed descriptor-inspection surface; attribute behavior is constructed without raw descriptors","evidence-complete"
"ada32824cd813c16ab6ea30322ee396aad3aaa75","3374","aarch64_vmsa::attrs::semantic::global","struct_field","exercisable-through-typed-descriptor-inspection","source-reviewed stable semantic map/decode and typed descriptor-inspection surface; attribute behavior is constructed without raw descriptors","evidence-complete"
"ada32824cd813c16ab6ea30322ee396aad3aaa75","3261","aarch64_vmsa::attrs::semantic::guarded","struct_field","exercisable-through-typed-descriptor-inspection","source-reviewed stable semantic map/decode and typed descriptor-inspection surface; attribute behavior is constructed without raw descriptors","evidence-complete"
"ada32824cd813c16ab6ea30322ee396aad3aaa75","3376","aarch64_vmsa::attrs::semantic::guarded","struct_field","exercisable-through-typed-descriptor-inspection","source-reviewed stable semantic map/decode and typed descriptor-inspection surface; attribute behavior is constructed without raw descriptors","evidence-complete"
"ada32824cd813c16ab6ea30322ee396aad3aaa75","3147","aarch64_vmsa::attrs::semantic::memory","struct_field","exercisable-through-typed-descriptor-inspection","source-reviewed stable semantic map/decode and typed descriptor-inspection surface; attribute behavior is constructed without raw descriptors","evidence-complete"
"ada32824cd813c16ab6ea30322ee396aad3aaa75","3202","aarch64_vmsa::attrs::semantic::memory","struct_field","exercisable-through-typed-descriptor-inspection","source-reviewed stable semantic map/decode and typed descriptor-inspection surface; attribute behavior is constructed without raw descriptors","evidence-complete"
"ada32824cd813c16ab6ea30322ee396aad3aaa75","3204","aarch64_vmsa::attrs::semantic::output_address_space","struct_field","exercisable-through-typed-descriptor-inspection","source-reviewed stable semantic map/decode and typed descriptor-inspection surface; attribute behavior is constructed without raw descriptors","evidence-complete"
"ada32824cd813c16ab6ea30322ee396aad3aaa75","3149","aarch64_vmsa::attrs::semantic::pas","struct_field","exercisable-through-typed-descriptor-inspection","source-reviewed stable semantic map/decode and typed descriptor-inspection surface; attribute behavior is constructed without raw descriptors","evidence-complete"
"ada32824cd813c16ab6ea30322ee396aad3aaa75","3176","aarch64_vmsa::attrs::semantic::pas","struct_field","exercisable-through-typed-descriptor-inspection","source-reviewed stable semantic map/decode and typed descriptor-inspection surface; attribute behavior is constructed without raw descriptors","evidence-complete"
"ada32824cd813c16ab6ea30322ee396aad3aaa75","3407","aarch64_vmsa::attrs::semantic::pas","struct_field","exercisable-through-typed-descriptor-inspection","source-reviewed stable semantic map/decode and typed descriptor-inspection surface; attribute behavior is constructed without raw descriptors","evidence-complete"
"ada32824cd813c16ab6ea30322ee396aad3aaa75","3175","aarch64_vmsa::attrs::semantic::permission_limits","struct_field","exercisable-through-typed-descriptor-inspection","source-reviewed stable semantic map/decode and typed descriptor-inspection surface; attribute behavior is constructed without raw descriptors","evidence-complete"
"ada32824cd813c16ab6ea30322ee396aad3aaa75","3148","aarch64_vmsa::attrs::semantic::permissions","struct_field","exercisable-through-typed-descriptor-inspection","source-reviewed stable semantic map/decode and typed descriptor-inspection surface; attribute behavior is constructed without raw descriptors","evidence-complete"
"ada32824cd813c16ab6ea30322ee396aad3aaa75","3203","aarch64_vmsa::attrs::semantic::permissions","struct_field","exercisable-through-typed-descriptor-inspection","source-reviewed stable semantic map/decode and typed descriptor-inspection surface; attribute behavior is constructed without raw descriptors","evidence-complete"
"ada32824cd813c16ab6ea30322ee396aad3aaa75","3377","aarch64_vmsa::attrs::semantic::protected","struct_field","exercisable-through-typed-descriptor-inspection","source-reviewed stable semantic map/decode and typed descriptor-inspection surface; attribute behavior is constructed without raw descriptors","evidence-complete"
"ada32824cd813c16ab6ea30322ee396aad3aaa75","3406","aarch64_vmsa::attrs::semantic::protected","struct_field","exercisable-through-typed-descriptor-inspection","source-reviewed stable semantic map/decode and typed descriptor-inspection surface; attribute behavior is constructed without raw descriptors","evidence-complete"
"ada32824cd813c16ab6ea30322ee396aad3aaa75","3256","aarch64_vmsa::attrs::semantic::shareability","struct_field","exercisable-through-typed-descriptor-inspection","source-reviewed stable semantic map/decode and typed descriptor-inspection surface; attribute behavior is constructed without raw descriptors","evidence-complete"
"ada32824cd813c16ab6ea30322ee396aad3aaa75","3314","aarch64_vmsa::attrs::semantic::shareability","struct_field","exercisable-through-typed-descriptor-inspection","source-reviewed stable semantic map/decode and typed descriptor-inspection surface; attribute behavior is constructed without raw descriptors","evidence-complete"
"ada32824cd813c16ab6ea30322ee396aad3aaa75","3372","aarch64_vmsa::attrs::semantic::shareability","struct_field","exercisable-through-typed-descriptor-inspection","source-reviewed stable semantic map/decode and typed descriptor-inspection surface; attribute behavior is constructed without raw descriptors","evidence-complete"
"ada32824cd813c16ab6ea30322ee396aad3aaa75","3437","aarch64_vmsa::attrs::semantic::shareability","struct_field","exercisable-through-typed-descriptor-inspection","source-reviewed stable semantic map/decode and typed descriptor-inspection surface; attribute behavior is constructed without raw descriptors","evidence-complete"
"ada32824cd813c16ab6ea30322ee396aad3aaa75","3262","aarch64_vmsa::attrs::semantic::software","struct_field","exercisable-through-typed-descriptor-inspection","source-reviewed stable semantic map/decode and typed descriptor-inspection surface; attribute behavior is constructed without raw descriptors","evidence-complete"
"ada32824cd813c16ab6ea30322ee396aad3aaa75","3287","aarch64_vmsa::attrs::semantic::software","struct_field","exercisable-through-typed-descriptor-inspection","source-reviewed stable semantic map/decode and typed descriptor-inspection surface; attribute behavior is constructed without raw descriptors","evidence-complete"
"ada32824cd813c16ab6ea30322ee396aad3aaa75","3318","aarch64_vmsa::attrs::semantic::software","struct_field","exercisable-through-typed-descriptor-inspection","source-reviewed stable semantic map/decode and typed descriptor-inspection surface; attribute behavior is constructed without raw descriptors","evidence-complete"
"ada32824cd813c16ab6ea30322ee396aad3aaa75","3343","aarch64_vmsa::attrs::semantic::software","struct_field","exercisable-through-typed-descriptor-inspection","source-reviewed stable semantic map/decode and typed descriptor-inspection surface; attribute behavior is constructed without raw descriptors","evidence-complete"
"ada32824cd813c16ab6ea30322ee396aad3aaa75","3378","aarch64_vmsa::attrs::semantic::software","struct_field","exercisable-through-typed-descriptor-inspection","source-reviewed stable semantic map/decode and typed descriptor-inspection surface; attribute behavior is constructed without raw descriptors","evidence-complete"
"ada32824cd813c16ab6ea30322ee396aad3aaa75","3408","aarch64_vmsa::attrs::semantic::software","struct_field","exercisable-through-typed-descriptor-inspection","source-reviewed stable semantic map/decode and typed descriptor-inspection surface; attribute behavior is constructed without raw descriptors","evidence-complete"
"ada32824cd813c16ab6ea30322ee396aad3aaa75","3442","aarch64_vmsa::attrs::semantic::software","struct_field","exercisable-through-typed-descriptor-inspection","source-reviewed stable semantic map/decode and typed descriptor-inspection surface; attribute behavior is constructed without raw descriptors","evidence-complete"
"ada32824cd813c16ab6ea30322ee396aad3aaa75","3469","aarch64_vmsa::attrs::semantic::software","struct_field","exercisable-through-typed-descriptor-inspection","source-reviewed stable semantic map/decode and typed descriptor-inspection surface; attribute behavior is constructed without raw descriptors","evidence-complete"
"ada32824cd813c16ab6ea30322ee396aad3aaa75","3403","aarch64_vmsa::attrs::semantic::table_nt","struct_field","exercisable-through-typed-descriptor-inspection","source-reviewed stable semantic map/decode and typed descriptor-inspection surface; attribute behavior is constructed without raw descriptors","evidence-complete"
"ada32824cd813c16ab6ea30322ee396aad3aaa75","3467","aarch64_vmsa::attrs::semantic::table_nt","struct_field","exercisable-through-typed-descriptor-inspection","source-reviewed stable semantic map/decode and typed descriptor-inspection surface; attribute behavior is constructed without raw descriptors","evidence-complete"
"ada32824cd813c16ab6ea30322ee396aad3aaa75","3841","aarch64_vmsa::descriptor","module","pure-compile-time-or-type-system","public namespace and reexport surface","classified"
"ada32824cd813c16ab6ea30322ee396aad3aaa75","3840","aarch64_vmsa::descriptor","use","pure-compile-time-or-type-system","public namespace and reexport surface","classified"
"ada32824cd813c16ab6ea30322ee396aad3aaa75","3818","aarch64_vmsa::descriptor::format","module","pure-compile-time-or-type-system","public namespace and reexport surface","classified"
"ada32824cd813c16ab6ea30322ee396aad3aaa75","3640","aarch64_vmsa::descriptor::format::DescriptorError","enum","exercisable-through-isolated-malformed-input","source-reviewed typed format/granule mapping and WalkInspection/DescriptorBits inspection; malformed encodings are isolated behind IsolatedMalformedTable","evidence-complete"
"ada32824cd813c16ab6ea30322ee396aad3aaa75","2037","aarch64_vmsa::descriptor::format::DescriptorFormat","trait","pure-compile-time-or-type-system","typed catalog bounds and compile-time regime/format selection","classified"
"ada32824cd813c16ab6ea30322ee396aad3aaa75","3576","aarch64_vmsa::descriptor::format::DescriptorKind","enum","exercisable-through-typed-descriptor-inspection","source-reviewed typed format/granule mapping and WalkInspection/DescriptorBits inspection; malformed encodings are isolated behind IsolatedMalformedTable","evidence-complete"
"ada32824cd813c16ab6ea30322ee396aad3aaa75","2042","aarch64_vmsa::descriptor::format::DescriptorLayout","trait","pure-compile-time-or-type-system","typed catalog bounds and compile-time regime/format selection","classified"
"ada32824cd813c16ab6ea30322ee396aad3aaa75","2038","aarch64_vmsa::descriptor::format::HasLayout","trait","pure-compile-time-or-type-system","typed catalog bounds and compile-time regime/format selection","classified"
"ada32824cd813c16ab6ea30322ee396aad3aaa75","3604","aarch64_vmsa::descriptor::format::NextTableDescriptor","struct","exercisable-through-typed-descriptor-inspection","source-reviewed typed format/granule mapping and WalkInspection/DescriptorBits inspection; malformed encodings are isolated behind IsolatedMalformedTable","evidence-complete"
"ada32824cd813c16ab6ea30322ee396aad3aaa75","2088","aarch64_vmsa::descriptor::format::Vmsa128","struct","exercisable-through-typed-descriptor-inspection","source-reviewed typed format/granule mapping and WalkInspection/DescriptorBits inspection; malformed encodings are isolated behind IsolatedMalformedTable","evidence-complete"
"ada32824cd813c16ab6ea30322ee396aad3aaa75","2061","aarch64_vmsa::descriptor::format::Vmsa64","struct","exercisable-through-typed-descriptor-inspection","source-reviewed typed format/granule mapping and WalkInspection/DescriptorBits inspection; malformed encodings are isolated behind IsolatedMalformedTable","evidence-complete"
"ada32824cd813c16ab6ea30322ee396aad3aaa75","2074","aarch64_vmsa::descriptor::format::Vmsa64Lpa2","struct","exercisable-through-typed-descriptor-inspection","source-reviewed typed format/granule mapping and WalkInspection/DescriptorBits inspection; malformed encodings are isolated behind IsolatedMalformedTable","evidence-complete"
"ada32824cd813c16ab6ea30322ee396aad3aaa75","3601","aarch64_vmsa::descriptor::format::address","struct_field","exercisable-through-typed-descriptor-inspection","source-reviewed typed format/granule mapping and WalkInspection/DescriptorBits inspection; malformed encodings are isolated behind IsolatedMalformedTable","evidence-complete"
"ada32824cd813c16ab6ea30322ee396aad3aaa75","3602","aarch64_vmsa::descriptor::format::level","struct_field","exercisable-through-typed-descriptor-inspection","source-reviewed typed format/granule mapping and WalkInspection/DescriptorBits inspection; malformed encodings are isolated behind IsolatedMalformedTable","evidence-complete"
"ada32824cd813c16ab6ea30322ee396aad3aaa75","3603","aarch64_vmsa::descriptor::format::stride_count","struct_field","exercisable-through-typed-descriptor-inspection","source-reviewed typed format/granule mapping and WalkInspection/DescriptorBits inspection; malformed encodings are isolated behind IsolatedMalformedTable","evidence-complete"
"ada32824cd813c16ab6ea30322ee396aad3aaa75","3563","aarch64_vmsa::descriptor::format::vmsa128::Vmsa128Layout","struct","exercisable-through-typed-descriptor-inspection","source-reviewed typed format/granule mapping and WalkInspection/DescriptorBits inspection; malformed encodings are isolated behind IsolatedMalformedTable","evidence-complete"
"ada32824cd813c16ab6ea30322ee396aad3aaa75","3566","aarch64_vmsa::descriptor::format::vmsa64::Vmsa64Layout","struct","exercisable-through-typed-descriptor-inspection","source-reviewed typed format/granule mapping and WalkInspection/DescriptorBits inspection; malformed encodings are isolated behind IsolatedMalformedTable","evidence-complete"
"ada32824cd813c16ab6ea30322ee396aad3aaa75","3570","aarch64_vmsa::descriptor::format::vmsa64_lpa2::Vmsa64Lpa2Layout","struct","exercisable-through-typed-descriptor-inspection","source-reviewed typed format/granule mapping and WalkInspection/DescriptorBits inspection; malformed encodings are isolated behind IsolatedMalformedTable","evidence-complete"
"ada32824cd813c16ab6ea30322ee396aad3aaa75","6223","aarch64_vmsa::low_level","module","pure-compile-time-or-type-system","public namespace and reexport surface","classified"
"ada32824cd813c16ab6ea30322ee396aad3aaa75","6222","aarch64_vmsa::low_level::raw","module","pure-compile-time-or-type-system","public namespace and reexport surface","classified"
"ada32824cd813c16ab6ea30322ee396aad3aaa75","6221","aarch64_vmsa::low_level::raw","use","pure-compile-time-or-type-system","public namespace and reexport surface","classified"
"ada32824cd813c16ab6ea30322ee396aad3aaa75","4415","aarch64_vmsa::mapper","module","pure-compile-time-or-type-system","public namespace and reexport surface","classified"
"ada32824cd813c16ab6ea30322ee396aad3aaa75","4356","aarch64_vmsa::mapper","use","pure-compile-time-or-type-system","public namespace and reexport surface","classified"
"ada32824cd813c16ab6ea30322ee396aad3aaa75","4357","aarch64_vmsa::mapper","use","pure-compile-time-or-type-system","public namespace and reexport surface","classified"
"ada32824cd813c16ab6ea30322ee396aad3aaa75","4358","aarch64_vmsa::mapper","use","pure-compile-time-or-type-system","public namespace and reexport surface","classified"
"ada32824cd813c16ab6ea30322ee396aad3aaa75","4359","aarch64_vmsa::mapper","use","pure-compile-time-or-type-system","public namespace and reexport surface","classified"
"ada32824cd813c16ab6ea30322ee396aad3aaa75","4360","aarch64_vmsa::mapper","use","pure-compile-time-or-type-system","public namespace and reexport surface","classified"
"ada32824cd813c16ab6ea30322ee396aad3aaa75","4361","aarch64_vmsa::mapper","use","pure-compile-time-or-type-system","public namespace and reexport surface","classified"
"ada32824cd813c16ab6ea30322ee396aad3aaa75","4362","aarch64_vmsa::mapper","use","pure-compile-time-or-type-system","public namespace and reexport surface","classified"
"ada32824cd813c16ab6ea30322ee396aad3aaa75","4363","aarch64_vmsa::mapper","use","pure-compile-time-or-type-system","public namespace and reexport surface","classified"
"ada32824cd813c16ab6ea30322ee396aad3aaa75","4364","aarch64_vmsa::mapper","use","pure-compile-time-or-type-system","public namespace and reexport surface","classified"
"ada32824cd813c16ab6ea30322ee396aad3aaa75","4365","aarch64_vmsa::mapper","use","pure-compile-time-or-type-system","public namespace and reexport surface","classified"
"ada32824cd813c16ab6ea30322ee396aad3aaa75","4366","aarch64_vmsa::mapper","use","pure-compile-time-or-type-system","public namespace and reexport surface","classified"
"ada32824cd813c16ab6ea30322ee396aad3aaa75","4367","aarch64_vmsa::mapper","use","pure-compile-time-or-type-system","public namespace and reexport surface","classified"
"ada32824cd813c16ab6ea30322ee396aad3aaa75","4368","aarch64_vmsa::mapper","use","pure-compile-time-or-type-system","public namespace and reexport surface","classified"
"ada32824cd813c16ab6ea30322ee396aad3aaa75","4369","aarch64_vmsa::mapper","use","pure-compile-time-or-type-system","public namespace and reexport surface","classified"
"ada32824cd813c16ab6ea30322ee396aad3aaa75","4370","aarch64_vmsa::mapper","use","pure-compile-time-or-type-system","public namespace and reexport surface","classified"
"ada32824cd813c16ab6ea30322ee396aad3aaa75","4371","aarch64_vmsa::mapper","use","pure-compile-time-or-type-system","public namespace and reexport surface","classified"
"ada32824cd813c16ab6ea30322ee396aad3aaa75","4372","aarch64_vmsa::mapper","use","pure-compile-time-or-type-system","public namespace and reexport surface","classified"
"ada32824cd813c16ab6ea30322ee396aad3aaa75","4373","aarch64_vmsa::mapper","use","pure-compile-time-or-type-system","public namespace and reexport surface","classified"
"ada32824cd813c16ab6ea30322ee396aad3aaa75","4374","aarch64_vmsa::mapper","use","pure-compile-time-or-type-system","public namespace and reexport surface","classified"
"ada32824cd813c16ab6ea30322ee396aad3aaa75","4201","aarch64_vmsa::mapper::Mapper","struct","directly-exercisable-through-harness","source-reviewed TestMapper and LiveTranslation operations normalize mapper construction, map/range/remap/protect/unmap/reclaim/translation outcomes and own cleanup","evidence-complete"
"ada32824cd813c16ab6ea30322ee396aad3aaa75","4390","aarch64_vmsa::mapper::Mapper::access","function","directly-exercisable-through-harness","source-reviewed TestMapper and LiveTranslation operations normalize mapper construction, map/range/remap/protect/unmap/reclaim/translation outcomes and own cleanup","evidence-complete"
"ada32824cd813c16ab6ea30322ee396aad3aaa75","4391","aarch64_vmsa::mapper::Mapper::access_mut","function","directly-exercisable-through-harness","source-reviewed TestMapper and LiveTranslation operations normalize mapper construction, map/range/remap/protect/unmap/reclaim/translation outcomes and own cleanup","evidence-complete"
"ada32824cd813c16ab6ea30322ee396aad3aaa75","4392","aarch64_vmsa::mapper::Mapper::frames","function","directly-exercisable-through-harness","source-reviewed TestMapper and LiveTranslation operations normalize mapper construction, map/range/remap/protect/unmap/reclaim/translation outcomes and own cleanup","evidence-complete"
"ada32824cd813c16ab6ea30322ee396aad3aaa75","4393","aarch64_vmsa::mapper::Mapper::frames_mut","function","directly-exercisable-through-harness","source-reviewed TestMapper and LiveTranslation operations normalize mapper construction, map/range/remap/protect/unmap/reclaim/translation outcomes and own cleanup","evidence-complete"
"ada32824cd813c16ab6ea30322ee396aad3aaa75","4382","aarch64_vmsa::mapper::Mapper::into_parts","function","directly-exercisable-through-harness","source-reviewed TestMapper and LiveTranslation operations normalize mapper construction, map/range/remap/protect/unmap/reclaim/translation outcomes and own cleanup","evidence-complete"
"ada32824cd813c16ab6ea30322ee396aad3aaa75","4387","aarch64_vmsa::mapper::Mapper::into_parts","function","directly-exercisable-through-harness","source-reviewed TestMapper and LiveTranslation operations normalize mapper construction, map/range/remap/protect/unmap/reclaim/translation outcomes and own cleanup","evidence-complete"
"ada32824cd813c16ab6ea30322ee396aad3aaa75","4385","aarch64_vmsa::mapper::Mapper::invalidation","function","directly-exercisable-through-harness","source-reviewed TestMapper and LiveTranslation operations normalize mapper construction, map/range/remap/protect/unmap/reclaim/translation outcomes and own cleanup","evidence-complete"
"ada32824cd813c16ab6ea30322ee396aad3aaa75","4386","aarch64_vmsa::mapper::Mapper::invalidation_mut","function","directly-exercisable-through-harness","source-reviewed TestMapper and LiveTranslation operations normalize mapper construction, map/range/remap/protect/unmap/reclaim/translation outcomes and own cleanup","evidence-complete"
"ada32824cd813c16ab6ea30322ee396aad3aaa75","4395","aarch64_vmsa::mapper::Mapper::map_leaf","function","directly-exercisable-through-harness","source-reviewed TestMapper and LiveTranslation operations normalize mapper construction, map/range/remap/protect/unmap/reclaim/translation outcomes and own cleanup","evidence-complete"
"ada32824cd813c16ab6ea30322ee396aad3aaa75","4396","aarch64_vmsa::mapper::Mapper::map_leaf_with_plan","function","directly-exercisable-through-harness","source-reviewed TestMapper and LiveTranslation operations normalize mapper construction, map/range/remap/protect/unmap/reclaim/translation outcomes and own cleanup","evidence-complete"
"ada32824cd813c16ab6ea30322ee396aad3aaa75","4397","aarch64_vmsa::mapper::Mapper::map_range","function","directly-exercisable-through-harness","source-reviewed TestMapper and LiveTranslation operations normalize mapper construction, map/range/remap/protect/unmap/reclaim/translation outcomes and own cleanup","evidence-complete"
"ada32824cd813c16ab6ea30322ee396aad3aaa75","4384","aarch64_vmsa::mapper::Mapper::new_live","function","directly-exercisable-through-harness","source-reviewed TestMapper and LiveTranslation operations normalize mapper construction, map/range/remap/protect/unmap/reclaim/translation outcomes and own cleanup","evidence-complete"
"ada32824cd813c16ab6ea30322ee396aad3aaa75","4380","aarch64_vmsa::mapper::Mapper::new_offline","function","directly-exercisable-through-harness","source-reviewed TestMapper and LiveTranslation operations normalize mapper construction, map/range/remap/protect/unmap/reclaim/translation outcomes and own cleanup","evidence-complete"
"ada32824cd813c16ab6ea30322ee396aad3aaa75","4389","aarch64_vmsa::mapper::Mapper::root","function","directly-exercisable-through-harness","source-reviewed TestMapper and LiveTranslation operations normalize mapper construction, map/range/remap/protect/unmap/reclaim/translation outcomes and own cleanup","evidence-complete"
"ada32824cd813c16ab6ea30322ee396aad3aaa75","4394","aarch64_vmsa::mapper::Mapper::translate","function","directly-exercisable-through-harness","source-reviewed TestMapper and LiveTranslation operations normalize mapper construction, map/range/remap/protect/unmap/reclaim/translation outcomes and own cleanup","evidence-complete"
"ada32824cd813c16ab6ea30322ee396aad3aaa75","4398","aarch64_vmsa::mapper::Mapper::unmap","function","directly-exercisable-through-harness","source-reviewed TestMapper and LiveTranslation operations normalize mapper construction, map/range/remap/protect/unmap/reclaim/translation outcomes and own cleanup","evidence-complete"
"ada32824cd813c16ab6ea30322ee396aad3aaa75","4399","aarch64_vmsa::mapper::Mapper::unmap_reclaim","function","directly-exercisable-through-harness","source-reviewed TestMapper and LiveTranslation operations normalize mapper construction, map/range/remap/protect/unmap/reclaim/translation outcomes and own cleanup","evidence-complete"
"ada32824cd813c16ab6ea30322ee396aad3aaa75","3667","aarch64_vmsa::mapper::error::MapperError","enum","exercisable-through-isolated-malformed-input","source-reviewed TestMapper and LiveTranslation operations normalize mapper construction, map/range/remap/protect/unmap/reclaim/translation outcomes and own cleanup","evidence-complete"
"ada32824cd813c16ab6ea30322ee396aad3aaa75","3981","aarch64_vmsa::mapper::invalidation::Live","struct","directly-exercisable-through-harness","source-reviewed TestMapper and LiveTranslation operations normalize mapper construction, map/range/remap/protect/unmap/reclaim/translation outcomes and own cleanup","evidence-complete"
"ada32824cd813c16ab6ea30322ee396aad3aaa75","3982","aarch64_vmsa::mapper::invalidation::Live::invalidation","function","directly-exercisable-through-harness","source-reviewed TestMapper and LiveTranslation operations normalize mapper construction, map/range/remap/protect/unmap/reclaim/translation outcomes and own cleanup","evidence-complete"
"ada32824cd813c16ab6ea30322ee396aad3aaa75","3983","aarch64_vmsa::mapper::invalidation::Live::invalidation_mut","function","directly-exercisable-through-harness","source-reviewed TestMapper and LiveTranslation operations normalize mapper construction, map/range/remap/protect/unmap/reclaim/translation outcomes and own cleanup","evidence-complete"
"ada32824cd813c16ab6ea30322ee396aad3aaa75","3951","aarch64_vmsa::mapper::invalidation::MapperInvalidation","trait","pure-compile-time-or-type-system","typed catalog bounds and compile-time regime/format selection","classified"
"ada32824cd813c16ab6ea30322ee396aad3aaa75","3953","aarch64_vmsa::mapper::invalidation::Offline","struct","directly-exercisable-through-harness","source-reviewed TestMapper and LiveTranslation operations normalize mapper construction, map/range/remap/protect/unmap/reclaim/translation outcomes and own cleanup","evidence-complete"
"ada32824cd813c16ab6ea30322ee396aad3aaa75","3940","aarch64_vmsa::mapper::invalidation::private::Sealed","trait","pure-compile-time-or-type-system","typed catalog bounds and compile-time regime/format selection","classified"
"ada32824cd813c16ab6ea30322ee396aad3aaa75","4083","aarch64_vmsa::mapper::plan::BoundedSklTablePlan","struct","directly-exercisable-through-harness","source-reviewed TestMapper and LiveTranslation operations normalize mapper construction, map/range/remap/protect/unmap/reclaim/translation outcomes and own cleanup","evidence-complete"
"ada32824cd813c16ab6ea30322ee396aad3aaa75","4116","aarch64_vmsa::mapper::plan::BoundedSklTablePlan::new","function","directly-exercisable-through-harness","source-reviewed TestMapper and LiveTranslation operations normalize mapper construction, map/range/remap/protect/unmap/reclaim/translation outcomes and own cleanup","evidence-complete"
"ada32824cd813c16ab6ea30322ee396aad3aaa75","4086","aarch64_vmsa::mapper::plan::MaxSklTablePlan","struct","directly-exercisable-through-harness","source-reviewed TestMapper and LiveTranslation operations normalize mapper construction, map/range/remap/protect/unmap/reclaim/translation outcomes and own cleanup","evidence-complete"
"ada32824cd813c16ab6ea30322ee396aad3aaa75","4143","aarch64_vmsa::mapper::plan::MaxSklTablePlan::new","function","directly-exercisable-through-harness","source-reviewed TestMapper and LiveTranslation operations normalize mapper construction, map/range/remap/protect/unmap/reclaim/translation outcomes and own cleanup","evidence-complete"
"ada32824cd813c16ab6ea30322ee396aad3aaa75","4080","aarch64_vmsa::mapper::plan::StepByOneTablePlan","struct","directly-exercisable-through-harness","source-reviewed TestMapper and LiveTranslation operations normalize mapper construction, map/range/remap/protect/unmap/reclaim/translation outcomes and own cleanup","evidence-complete"
"ada32824cd813c16ab6ea30322ee396aad3aaa75","4088","aarch64_vmsa::mapper::plan::StepByOneTablePlan::new","function","directly-exercisable-through-harness","source-reviewed TestMapper and LiveTranslation operations normalize mapper construction, map/range/remap/protect/unmap/reclaim/translation outcomes and own cleanup","evidence-complete"
"ada32824cd813c16ab6ea30322ee396aad3aaa75","4046","aarch64_vmsa::mapper::plan::TablePlan","struct","directly-exercisable-through-harness","source-reviewed TestMapper and LiveTranslation operations normalize mapper construction, map/range/remap/protect/unmap/reclaim/translation outcomes and own cleanup","evidence-complete"
"ada32824cd813c16ab6ea30322ee396aad3aaa75","4048","aarch64_vmsa::mapper::plan::TablePlan::child_shape","function","directly-exercisable-through-harness","source-reviewed TestMapper and LiveTranslation operations normalize mapper construction, map/range/remap/protect/unmap/reclaim/translation outcomes and own cleanup","evidence-complete"
"ada32824cd813c16ab6ea30322ee396aad3aaa75","4049","aarch64_vmsa::mapper::plan::TablePlan::into_fields","function","directly-exercisable-through-harness","source-reviewed TestMapper and LiveTranslation operations normalize mapper construction, map/range/remap/protect/unmap/reclaim/translation outcomes and own cleanup","evidence-complete"
"ada32824cd813c16ab6ea30322ee396aad3aaa75","4047","aarch64_vmsa::mapper::plan::TablePlan::new","function","directly-exercisable-through-harness","source-reviewed TestMapper and LiveTranslation operations normalize mapper construction, map/range/remap/protect/unmap/reclaim/translation outcomes and own cleanup","evidence-complete"
"ada32824cd813c16ab6ea30322ee396aad3aaa75","4013","aarch64_vmsa::mapper::plan::TablePlanContext","struct","directly-exercisable-through-harness","source-reviewed TestMapper and LiveTranslation operations normalize mapper construction, map/range/remap/protect/unmap/reclaim/translation outcomes and own cleanup","evidence-complete"
"ada32824cd813c16ab6ea30322ee396aad3aaa75","4018","aarch64_vmsa::mapper::plan::TablePlanContext::input","function","directly-exercisable-through-harness","source-reviewed TestMapper and LiveTranslation operations normalize mapper construction, map/range/remap/protect/unmap/reclaim/translation outcomes and own cleanup","evidence-complete"
"ada32824cd813c16ab6ea30322ee396aad3aaa75","4014","aarch64_vmsa::mapper::plan::TablePlanContext::new","function","directly-exercisable-through-harness","source-reviewed TestMapper and LiveTranslation operations normalize mapper construction, map/range/remap/protect/unmap/reclaim/translation outcomes and own cleanup","evidence-complete"
"ada32824cd813c16ab6ea30322ee396aad3aaa75","4016","aarch64_vmsa::mapper::plan::TablePlanContext::parent","function","directly-exercisable-through-harness","source-reviewed TestMapper and LiveTranslation operations normalize mapper construction, map/range/remap/protect/unmap/reclaim/translation outcomes and own cleanup","evidence-complete"
"ada32824cd813c16ab6ea30322ee396aad3aaa75","4017","aarch64_vmsa::mapper::plan::TablePlanContext::target_leaf","function","directly-exercisable-through-harness","source-reviewed TestMapper and LiveTranslation operations normalize mapper construction, map/range/remap/protect/unmap/reclaim/translation outcomes and own cleanup","evidence-complete"
"ada32824cd813c16ab6ea30322ee396aad3aaa75","4077","aarch64_vmsa::mapper::plan::TablePlanProvider","trait","pure-compile-time-or-type-system","typed catalog bounds and compile-time regime/format selection","classified"
"ada32824cd813c16ab6ea30322ee396aad3aaa75","4175","aarch64_vmsa::mapper::semantic::SemanticMapperError","enum","exercisable-through-isolated-malformed-input","source-reviewed TestMapper and LiveTranslation operations normalize mapper construction, map/range/remap/protect/unmap/reclaim/translation outcomes and own cleanup","evidence-complete"
"ada32824cd813c16ab6ea30322ee396aad3aaa75","4208","aarch64_vmsa::mapper::semantic::decode_semantic_leaf","function","directly-exercisable-through-harness","source-reviewed TestMapper and LiveTranslation operations normalize mapper construction, map/range/remap/protect/unmap/reclaim/translation outcomes and own cleanup","evidence-complete"
"ada32824cd813c16ab6ea30322ee396aad3aaa75","4209","aarch64_vmsa::mapper::semantic::decode_semantic_table","function","directly-exercisable-through-harness","source-reviewed TestMapper and LiveTranslation operations normalize mapper construction, map/range/remap/protect/unmap/reclaim/translation outcomes and own cleanup","evidence-complete"
"ada32824cd813c16ab6ea30322ee396aad3aaa75","4200","aarch64_vmsa::mapper::semantic::map_semantic_leaf","function","directly-exercisable-through-harness","TestMapper::map_semantic_leaf and LiveTranslation::map_semantic_for; exact negative error, offline encode, installed encode, hardware-visible inspection, decode, restoration, and following-test isolation in smoke.semantic-codec / output/runs/ns-el2-00001784003647093939-9952","evidence-complete"
"ada32824cd813c16ab6ea30322ee396aad3aaa75","4202","aarch64_vmsa::mapper::types::MapLeafOutcome","struct","directly-exercisable-through-harness","source-reviewed TestMapper and LiveTranslation operations normalize mapper construction, map/range/remap/protect/unmap/reclaim/translation outcomes and own cleanup","evidence-complete"
"ada32824cd813c16ab6ea30322ee396aad3aaa75","4219","aarch64_vmsa::mapper::types::MapLeafOutcome::covered_size","function","directly-exercisable-through-harness","source-reviewed TestMapper and LiveTranslation operations normalize mapper construction, map/range/remap/protect/unmap/reclaim/translation outcomes and own cleanup","evidence-complete"
"ada32824cd813c16ab6ea30322ee396aad3aaa75","4217","aarch64_vmsa::mapper::types::MapLeafOutcome::kind","function","directly-exercisable-through-harness","source-reviewed TestMapper and LiveTranslation operations normalize mapper construction, map/range/remap/protect/unmap/reclaim/translation outcomes and own cleanup","evidence-complete"
"ada32824cd813c16ab6ea30322ee396aad3aaa75","4216","aarch64_vmsa::mapper::types::MapLeafOutcome::level","function","directly-exercisable-through-harness","source-reviewed TestMapper and LiveTranslation operations normalize mapper construction, map/range/remap/protect/unmap/reclaim/translation outcomes and own cleanup","evidence-complete"
"ada32824cd813c16ab6ea30322ee396aad3aaa75","4215","aarch64_vmsa::mapper::types::MapLeafOutcome::tables_allocated","function","directly-exercisable-through-harness","source-reviewed TestMapper and LiveTranslation operations normalize mapper construction, map/range/remap/protect/unmap/reclaim/translation outcomes and own cleanup","evidence-complete"
"ada32824cd813c16ab6ea30322ee396aad3aaa75","4248","aarch64_vmsa::mapper::types::MapRangeOutcome","struct","directly-exercisable-through-harness","source-reviewed TestMapper and LiveTranslation operations normalize mapper construction, map/range/remap/protect/unmap/reclaim/translation outcomes and own cleanup","evidence-complete"
"ada32824cd813c16ab6ea30322ee396aad3aaa75","4250","aarch64_vmsa::mapper::types::MapRangeOutcome::bytes_mapped","function","directly-exercisable-through-harness","source-reviewed TestMapper and LiveTranslation operations normalize mapper construction, map/range/remap/protect/unmap/reclaim/translation outcomes and own cleanup","evidence-complete"
"ada32824cd813c16ab6ea30322ee396aad3aaa75","4249","aarch64_vmsa::mapper::types::MapRangeOutcome::mappings_created","function","directly-exercisable-through-harness","source-reviewed TestMapper and LiveTranslation operations normalize mapper construction, map/range/remap/protect/unmap/reclaim/translation outcomes and own cleanup","evidence-complete"
"ada32824cd813c16ab6ea30322ee396aad3aaa75","4251","aarch64_vmsa::mapper::types::MapRangeOutcome::tables_allocated","function","directly-exercisable-through-harness","source-reviewed TestMapper and LiveTranslation operations normalize mapper construction, map/range/remap/protect/unmap/reclaim/translation outcomes and own cleanup","evidence-complete"
"ada32824cd813c16ab6ea30322ee396aad3aaa75","4280","aarch64_vmsa::mapper::types::Mapping","struct","directly-exercisable-through-harness","source-reviewed TestMapper and LiveTranslation operations normalize mapper construction, map/range/remap/protect/unmap/reclaim/translation outcomes and own cleanup","evidence-complete"
"ada32824cd813c16ab6ea30322ee396aad3aaa75","4332","aarch64_vmsa::mapper::types::Mapping::covered_input_base","function","directly-exercisable-through-harness","source-reviewed TestMapper and LiveTranslation operations normalize mapper construction, map/range/remap/protect/unmap/reclaim/translation outcomes and own cleanup","evidence-complete"
"ada32824cd813c16ab6ea30322ee396aad3aaa75","4333","aarch64_vmsa::mapper::types::Mapping::covered_size","function","directly-exercisable-through-harness","source-reviewed TestMapper and LiveTranslation operations normalize mapper construction, map/range/remap/protect/unmap/reclaim/translation outcomes and own cleanup","evidence-complete"
"ada32824cd813c16ab6ea30322ee396aad3aaa75","4335","aarch64_vmsa::mapper::types::Mapping::entry_index","function","directly-exercisable-through-harness","source-reviewed TestMapper and LiveTranslation operations normalize mapper construction, map/range/remap/protect/unmap/reclaim/translation outcomes and own cleanup","evidence-complete"
"ada32824cd813c16ab6ea30322ee396aad3aaa75","4338","aarch64_vmsa::mapper::types::Mapping::fields","function","directly-exercisable-through-harness","source-reviewed TestMapper and LiveTranslation operations normalize mapper construction, map/range/remap/protect/unmap/reclaim/translation outcomes and own cleanup","evidence-complete"
"ada32824cd813c16ab6ea30322ee396aad3aaa75","4329","aarch64_vmsa::mapper::types::Mapping::input","function","directly-exercisable-through-harness","source-reviewed TestMapper and LiveTranslation operations normalize mapper construction, map/range/remap/protect/unmap/reclaim/translation outcomes and own cleanup","evidence-complete"
"ada32824cd813c16ab6ea30322ee396aad3aaa75","4337","aarch64_vmsa::mapper::types::Mapping::kind","function","directly-exercisable-through-harness","source-reviewed TestMapper and LiveTranslation operations normalize mapper construction, map/range/remap/protect/unmap/reclaim/translation outcomes and own cleanup","evidence-complete"
"ada32824cd813c16ab6ea30322ee396aad3aaa75","4334","aarch64_vmsa::mapper::types::Mapping::level","function","directly-exercisable-through-harness","source-reviewed TestMapper and LiveTranslation operations normalize mapper construction, map/range/remap/protect/unmap/reclaim/translation outcomes and own cleanup","evidence-complete"
"ada32824cd813c16ab6ea30322ee396aad3aaa75","4330","aarch64_vmsa::mapper::types::Mapping::output","function","directly-exercisable-through-harness","source-reviewed TestMapper and LiveTranslation operations normalize mapper construction, map/range/remap/protect/unmap/reclaim/translation outcomes and own cleanup","evidence-complete"
"ada32824cd813c16ab6ea30322ee396aad3aaa75","4331","aarch64_vmsa::mapper::types::Mapping::output_base","function","directly-exercisable-through-harness","source-reviewed TestMapper and LiveTranslation operations normalize mapper construction, map/range/remap/protect/unmap/reclaim/translation outcomes and own cleanup","evidence-complete"
"ada32824cd813c16ab6ea30322ee396aad3aaa75","4336","aarch64_vmsa::mapper::types::Mapping::raw","function","directly-exercisable-through-harness","source-reviewed TestMapper and LiveTranslation operations normalize mapper construction, map/range/remap/protect/unmap/reclaim/translation outcomes and own cleanup","evidence-complete"
"ada32824cd813c16ab6ea30322ee396aad3aaa75","4278","aarch64_vmsa::mapper::types::UnmapOutcome","struct","directly-exercisable-through-harness","source-reviewed TestMapper and LiveTranslation operations normalize mapper construction, map/range/remap/protect/unmap/reclaim/translation outcomes and own cleanup","evidence-complete"
"ada32824cd813c16ab6ea30322ee396aad3aaa75","4279","aarch64_vmsa::mapper::types::UnmapOutcome::old","function","directly-exercisable-through-harness","source-reviewed TestMapper and LiveTranslation operations normalize mapper construction, map/range/remap/protect/unmap/reclaim/translation outcomes and own cleanup","evidence-complete"
"ada32824cd813c16ab6ea30322ee396aad3aaa75","4300","aarch64_vmsa::mapper::types::UnmapReclaimOutcome","struct","directly-exercisable-through-harness","source-reviewed TestMapper and LiveTranslation operations normalize mapper construction, map/range/remap/protect/unmap/reclaim/translation outcomes and own cleanup","evidence-complete"
"ada32824cd813c16ab6ea30322ee396aad3aaa75","4301","aarch64_vmsa::mapper::types::UnmapReclaimOutcome::old","function","directly-exercisable-through-harness","source-reviewed TestMapper and LiveTranslation operations normalize mapper construction, map/range/remap/protect/unmap/reclaim/translation outcomes and own cleanup","evidence-complete"
"ada32824cd813c16ab6ea30322ee396aad3aaa75","4303","aarch64_vmsa::mapper::types::UnmapReclaimOutcome::root_now_empty","function","directly-exercisable-through-harness","source-reviewed TestMapper and LiveTranslation operations normalize mapper construction, map/range/remap/protect/unmap/reclaim/translation outcomes and own cleanup","evidence-complete"
"ada32824cd813c16ab6ea30322ee396aad3aaa75","4302","aarch64_vmsa::mapper::types::UnmapReclaimOutcome::tables_freed","function","directly-exercisable-through-harness","source-reviewed TestMapper and LiveTranslation operations normalize mapper construction, map/range/remap/protect/unmap/reclaim/translation outcomes and own cleanup","evidence-complete"
"ada32824cd813c16ab6ea30322ee396aad3aaa75","5036","aarch64_vmsa::regime","module","pure-compile-time-or-type-system","public namespace and reexport surface","classified"
"ada32824cd813c16ab6ea30322ee396aad3aaa75","4488","aarch64_vmsa::regime::IpaSpace","enum","pure-compile-time-or-type-system","typed catalog bounds and compile-time regime/format selection","classified"
"ada32824cd813c16ab6ea30322ee396aad3aaa75","2041","aarch64_vmsa::regime::LayoutOf","type_alias","pure-compile-time-or-type-system","typed catalog bounds and compile-time regime/format selection","classified"
"ada32824cd813c16ab6ea30322ee396aad3aaa75","4207","aarch64_vmsa::regime::LeafFieldsOf","type_alias","pure-compile-time-or-type-system","typed catalog bounds and compile-time regime/format selection","classified"
"ada32824cd813c16ab6ea30322ee396aad3aaa75","2045","aarch64_vmsa::regime::NonSecureEl1Stage1","struct","pure-compile-time-or-type-system","typed catalog bounds and compile-time regime/format selection","classified"
"ada32824cd813c16ab6ea30322ee396aad3aaa75","2230","aarch64_vmsa::regime::NonSecureEl2HostStage1","struct","pure-compile-time-or-type-system","typed catalog bounds and compile-time regime/format selection","classified"
"ada32824cd813c16ab6ea30322ee396aad3aaa75","2146","aarch64_vmsa::regime::NonSecureEl2Stage1","struct","pure-compile-time-or-type-system","typed catalog bounds and compile-time regime/format selection","classified"
"ada32824cd813c16ab6ea30322ee396aad3aaa75","2354","aarch64_vmsa::regime::NonSecureEl2Stage2","struct","pure-compile-time-or-type-system","typed catalog bounds and compile-time regime/format selection","classified"
"ada32824cd813c16ab6ea30322ee396aad3aaa75","2118","aarch64_vmsa::regime::RealmEl1Stage1","struct","pure-compile-time-or-type-system","typed catalog bounds and compile-time regime/format selection","classified"
"ada32824cd813c16ab6ea30322ee396aad3aaa75","2286","aarch64_vmsa::regime::RealmEl2HostStage1","struct","pure-compile-time-or-type-system","typed catalog bounds and compile-time regime/format selection","classified"
"ada32824cd813c16ab6ea30322ee396aad3aaa75","2202","aarch64_vmsa::regime::RealmEl2Stage1","struct","pure-compile-time-or-type-system","typed catalog bounds and compile-time regime/format selection","classified"
"ada32824cd813c16ab6ea30322ee396aad3aaa75","2442","aarch64_vmsa::regime::RealmEl2Stage2","struct","pure-compile-time-or-type-system","typed catalog bounds and compile-time regime/format selection","classified"
"ada32824cd813c16ab6ea30322ee396aad3aaa75","4419","aarch64_vmsa::regime::RegimeOwner","enum","pure-compile-time-or-type-system","typed catalog bounds and compile-time regime/format selection","classified"
"ada32824cd813c16ab6ea30322ee396aad3aaa75","4669","aarch64_vmsa::regime::RegimeValidationError","enum","exercisable-through-isolated-malformed-input","source-reviewed typed TranslationSetup and adapter capability validation normalize invalid regime and geometry requests","evidence-complete"
"ada32824cd813c16ab6ea30322ee396aad3aaa75","2314","aarch64_vmsa::regime::RootEl3Stage1","struct","pure-compile-time-or-type-system","typed catalog bounds and compile-time regime/format selection","classified"
"ada32824cd813c16ab6ea30322ee396aad3aaa75","2090","aarch64_vmsa::regime::SecureEl1Stage1","struct","pure-compile-time-or-type-system","typed catalog bounds and compile-time regime/format selection","classified"
"ada32824cd813c16ab6ea30322ee396aad3aaa75","2258","aarch64_vmsa::regime::SecureEl2HostStage1","struct","pure-compile-time-or-type-system","typed catalog bounds and compile-time regime/format selection","classified"
"ada32824cd813c16ab6ea30322ee396aad3aaa75","2414","aarch64_vmsa::regime::SecureEl2NonSecureIpaStage2","struct","pure-compile-time-or-type-system","typed catalog bounds and compile-time regime/format selection","classified"
"ada32824cd813c16ab6ea30322ee396aad3aaa75","2386","aarch64_vmsa::regime::SecureEl2SecureIpaStage2","struct","pure-compile-time-or-type-system","typed catalog bounds and compile-time regime/format selection","classified"
"ada32824cd813c16ab6ea30322ee396aad3aaa75","2174","aarch64_vmsa::regime::SecureEl2Stage1","struct","pure-compile-time-or-type-system","typed catalog bounds and compile-time regime/format selection","classified"
"ada32824cd813c16ab6ea30322ee396aad3aaa75","2046","aarch64_vmsa::regime::Stage1Regime","trait","pure-compile-time-or-type-system","typed catalog bounds and compile-time regime/format selection","classified"
"ada32824cd813c16ab6ea30322ee396aad3aaa75","4655","aarch64_vmsa::regime::Stage2Regime","trait","pure-compile-time-or-type-system","typed catalog bounds and compile-time regime/format selection","classified"
"ada32824cd813c16ab6ea30322ee396aad3aaa75","2039","aarch64_vmsa::regime::StageOf","type_alias","pure-compile-time-or-type-system","typed catalog bounds and compile-time regime/format selection","classified"
"ada32824cd813c16ab6ea30322ee396aad3aaa75","4076","aarch64_vmsa::regime::TableFieldsOf","type_alias","pure-compile-time-or-type-system","typed catalog bounds and compile-time regime/format selection","classified"
"ada32824cd813c16ab6ea30322ee396aad3aaa75","2040","aarch64_vmsa::regime::TranslationRegime","trait","pure-compile-time-or-type-system","typed catalog bounds and compile-time regime/format selection","classified"
"ada32824cd813c16ab6ea30322ee396aad3aaa75","4454","aarch64_vmsa::regime::TranslationSpace","enum","pure-compile-time-or-type-system","typed catalog bounds and compile-time regime/format selection","classified"
"ada32824cd813c16ab6ea30322ee396aad3aaa75","4694","aarch64_vmsa::regime::validate_regime","function","pure-compile-time-or-type-system","typed catalog bounds and compile-time regime/format selection","classified"
"ada32824cd813c16ab6ea30322ee396aad3aaa75","4695","aarch64_vmsa::regime::validate_regime_format","function","pure-compile-time-or-type-system","typed catalog bounds and compile-time regime/format selection","classified"
"ada32824cd813c16ab6ea30322ee396aad3aaa75","5368","aarch64_vmsa::table","module","pure-compile-time-or-type-system","public namespace and reexport surface","classified"
"ada32824cd813c16ab6ea30322ee396aad3aaa75","5751","aarch64_vmsa::table","use","pure-compile-time-or-type-system","public namespace and reexport surface","classified"
"ada32824cd813c16ab6ea30322ee396aad3aaa75","5752","aarch64_vmsa::table","use","pure-compile-time-or-type-system","public namespace and reexport surface","classified"
"ada32824cd813c16ab6ea30322ee396aad3aaa75","5753","aarch64_vmsa::table","use","pure-compile-time-or-type-system","public namespace and reexport surface","classified"
"ada32824cd813c16ab6ea30322ee396aad3aaa75","5754","aarch64_vmsa::table","use","pure-compile-time-or-type-system","public namespace and reexport surface","classified"
"ada32824cd813c16ab6ea30322ee396aad3aaa75","5755","aarch64_vmsa::table","use","pure-compile-time-or-type-system","public namespace and reexport surface","classified"
"ada32824cd813c16ab6ea30322ee396aad3aaa75","5756","aarch64_vmsa::table","use","pure-compile-time-or-type-system","public namespace and reexport surface","classified"
"ada32824cd813c16ab6ea30322ee396aad3aaa75","5757","aarch64_vmsa::table","use","pure-compile-time-or-type-system","public namespace and reexport surface","classified"
"ada32824cd813c16ab6ea30322ee396aad3aaa75","5758","aarch64_vmsa::table","use","pure-compile-time-or-type-system","public namespace and reexport surface","classified"
"ada32824cd813c16ab6ea30322ee396aad3aaa75","5759","aarch64_vmsa::table","use","pure-compile-time-or-type-system","public namespace and reexport surface","classified"
"ada32824cd813c16ab6ea30322ee396aad3aaa75","5135","aarch64_vmsa::table::access::NextTable","struct","directly-exercisable-through-harness","source-reviewed high-level MappingInspection and WalkInspection preserve observable path/level/kind/output/raw descriptor semantics without exposing table access or frames","evidence-complete"
"ada32824cd813c16ab6ea30322ee396aad3aaa75","5138","aarch64_vmsa::table::access::NextTable::addr","function","directly-exercisable-through-harness","source-reviewed high-level MappingInspection and WalkInspection preserve observable path/level/kind/output/raw descriptor semantics without exposing table access or frames","evidence-complete"
"ada32824cd813c16ab6ea30322ee396aad3aaa75","5137","aarch64_vmsa::table::access::NextTable::from_descriptor","function","directly-exercisable-through-harness","source-reviewed high-level MappingInspection and WalkInspection preserve observable path/level/kind/output/raw descriptor semantics without exposing table access or frames","evidence-complete"
"ada32824cd813c16ab6ea30322ee396aad3aaa75","5136","aarch64_vmsa::table::access::NextTable::new","function","directly-exercisable-through-harness","source-reviewed high-level MappingInspection and WalkInspection preserve observable path/level/kind/output/raw descriptor semantics without exposing table access or frames","evidence-complete"
"ada32824cd813c16ab6ea30322ee396aad3aaa75","5139","aarch64_vmsa::table::access::NextTable::shape","function","directly-exercisable-through-harness","source-reviewed high-level MappingInspection and WalkInspection preserve observable path/level/kind/output/raw descriptor semantics without exposing table access or frames","evidence-complete"
"ada32824cd813c16ab6ea30322ee396aad3aaa75","4203","aarch64_vmsa::table::access::TableAccess","trait","pure-compile-time-or-type-system","typed catalog bounds and compile-time regime/format selection","classified"
"ada32824cd813c16ab6ea30322ee396aad3aaa75","3943","aarch64_vmsa::table::access::TableAccessLocation","struct","directly-exercisable-through-harness","source-reviewed high-level MappingInspection and WalkInspection preserve observable path/level/kind/output/raw descriptor semantics without exposing table access or frames","evidence-complete"
"ada32824cd813c16ab6ea30322ee396aad3aaa75","5317","aarch64_vmsa::table::access::TableAccessLocation::addr","function","directly-exercisable-through-harness","source-reviewed high-level MappingInspection and WalkInspection preserve observable path/level/kind/output/raw descriptor semantics without exposing table access or frames","evidence-complete"
"ada32824cd813c16ab6ea30322ee396aad3aaa75","5316","aarch64_vmsa::table::access::TableAccessLocation::cursor","function","directly-exercisable-through-harness","source-reviewed high-level MappingInspection and WalkInspection preserve observable path/level/kind/output/raw descriptor semantics without exposing table access or frames","evidence-complete"
"ada32824cd813c16ab6ea30322ee396aad3aaa75","5315","aarch64_vmsa::table::access::TableAccessLocation::from_cursor","function","directly-exercisable-through-harness","source-reviewed high-level MappingInspection and WalkInspection preserve observable path/level/kind/output/raw descriptor semantics without exposing table access or frames","evidence-complete"
"ada32824cd813c16ab6ea30322ee396aad3aaa75","5319","aarch64_vmsa::table::access::TableAccessLocation::level","function","directly-exercisable-through-harness","source-reviewed high-level MappingInspection and WalkInspection preserve observable path/level/kind/output/raw descriptor semantics without exposing table access or frames","evidence-complete"
"ada32824cd813c16ab6ea30322ee396aad3aaa75","5321","aarch64_vmsa::table::access::TableAccessLocation::path","function","directly-exercisable-through-harness","source-reviewed high-level MappingInspection and WalkInspection preserve observable path/level/kind/output/raw descriptor semantics without exposing table access or frames","evidence-complete"
"ada32824cd813c16ab6ea30322ee396aad3aaa75","5314","aarch64_vmsa::table::access::TableAccessLocation::root","function","directly-exercisable-through-harness","source-reviewed high-level MappingInspection and WalkInspection preserve observable path/level/kind/output/raw descriptor semantics without exposing table access or frames","evidence-complete"
"ada32824cd813c16ab6ea30322ee396aad3aaa75","5318","aarch64_vmsa::table::access::TableAccessLocation::root_level","function","directly-exercisable-through-harness","source-reviewed high-level MappingInspection and WalkInspection preserve observable path/level/kind/output/raw descriptor semantics without exposing table access or frames","evidence-complete"
"ada32824cd813c16ab6ea30322ee396aad3aaa75","5320","aarch64_vmsa::table::access::TableAccessLocation::shape","function","directly-exercisable-through-harness","source-reviewed high-level MappingInspection and WalkInspection preserve observable path/level/kind/output/raw descriptor semantics without exposing table access or frames","evidence-complete"
"ada32824cd813c16ab6ea30322ee396aad3aaa75","4205","aarch64_vmsa::table::access::TableAccessMut","trait","pure-compile-time-or-type-system","typed catalog bounds and compile-time regime/format selection","classified"
"ada32824cd813c16ab6ea30322ee396aad3aaa75","3949","aarch64_vmsa::table::access::TableAllocLayout","struct","directly-exercisable-through-harness","source-reviewed high-level MappingInspection and WalkInspection preserve observable path/level/kind/output/raw descriptor semantics without exposing table access or frames","evidence-complete"
"ada32824cd813c16ab6ea30322ee396aad3aaa75","5041","aarch64_vmsa::table::access::TableAllocLayout::align","function","directly-exercisable-through-harness","source-reviewed high-level MappingInspection and WalkInspection preserve observable path/level/kind/output/raw descriptor semantics without exposing table access or frames","evidence-complete"
"ada32824cd813c16ab6ea30322ee396aad3aaa75","5040","aarch64_vmsa::table::access::TableAllocLayout::bytes","function","directly-exercisable-through-harness","source-reviewed high-level MappingInspection and WalkInspection preserve observable path/level/kind/output/raw descriptor semantics without exposing table access or frames","evidence-complete"
"ada32824cd813c16ab6ea30322ee396aad3aaa75","5039","aarch64_vmsa::table::access::TableAllocLayout::new","function","directly-exercisable-through-harness","source-reviewed high-level MappingInspection and WalkInspection preserve observable path/level/kind/output/raw descriptor semantics without exposing table access or frames","evidence-complete"
"ada32824cd813c16ab6ea30322ee396aad3aaa75","5276","aarch64_vmsa::table::access::TableCursor","struct","directly-exercisable-through-harness","source-reviewed high-level MappingInspection and WalkInspection preserve observable path/level/kind/output/raw descriptor semantics without exposing table access or frames","evidence-complete"
"ada32824cd813c16ab6ea30322ee396aad3aaa75","5281","aarch64_vmsa::table::access::TableCursor::current","function","directly-exercisable-through-harness","source-reviewed high-level MappingInspection and WalkInspection preserve observable path/level/kind/output/raw descriptor semantics without exposing table access or frames","evidence-complete"
"ada32824cd813c16ab6ea30322ee396aad3aaa75","5286","aarch64_vmsa::table::access::TableCursor::entry_index","function","directly-exercisable-through-harness","source-reviewed high-level MappingInspection and WalkInspection preserve observable path/level/kind/output/raw descriptor semantics without exposing table access or frames","evidence-complete"
"ada32824cd813c16ab6ea30322ee396aad3aaa75","5283","aarch64_vmsa::table::access::TableCursor::level","function","directly-exercisable-through-harness","source-reviewed high-level MappingInspection and WalkInspection preserve observable path/level/kind/output/raw descriptor semantics without exposing table access or frames","evidence-complete"
"ada32824cd813c16ab6ea30322ee396aad3aaa75","5285","aarch64_vmsa::table::access::TableCursor::location","function","directly-exercisable-through-harness","source-reviewed high-level MappingInspection and WalkInspection preserve observable path/level/kind/output/raw descriptor semantics without exposing table access or frames","evidence-complete"
"ada32824cd813c16ab6ea30322ee396aad3aaa75","5278","aarch64_vmsa::table::access::TableCursor::new","function","directly-exercisable-through-harness","source-reviewed high-level MappingInspection and WalkInspection preserve observable path/level/kind/output/raw descriptor semantics without exposing table access or frames","evidence-complete"
"ada32824cd813c16ab6ea30322ee396aad3aaa75","5287","aarch64_vmsa::table::access::TableCursor::next_table","function","directly-exercisable-through-harness","source-reviewed high-level MappingInspection and WalkInspection preserve observable path/level/kind/output/raw descriptor semantics without exposing table access or frames","evidence-complete"
"ada32824cd813c16ab6ea30322ee396aad3aaa75","5284","aarch64_vmsa::table::access::TableCursor::path","function","directly-exercisable-through-harness","source-reviewed high-level MappingInspection and WalkInspection preserve observable path/level/kind/output/raw descriptor semantics without exposing table access or frames","evidence-complete"
"ada32824cd813c16ab6ea30322ee396aad3aaa75","5277","aarch64_vmsa::table::access::TableCursor::root","function","directly-exercisable-through-harness","source-reviewed high-level MappingInspection and WalkInspection preserve observable path/level/kind/output/raw descriptor semantics without exposing table access or frames","evidence-complete"
"ada32824cd813c16ab6ea30322ee396aad3aaa75","5279","aarch64_vmsa::table::access::TableCursor::root_addr","function","directly-exercisable-through-harness","source-reviewed high-level MappingInspection and WalkInspection preserve observable path/level/kind/output/raw descriptor semantics without exposing table access or frames","evidence-complete"
"ada32824cd813c16ab6ea30322ee396aad3aaa75","5280","aarch64_vmsa::table::access::TableCursor::root_level","function","directly-exercisable-through-harness","source-reviewed high-level MappingInspection and WalkInspection preserve observable path/level/kind/output/raw descriptor semantics without exposing table access or frames","evidence-complete"
"ada32824cd813c16ab6ea30322ee396aad3aaa75","5282","aarch64_vmsa::table::access::TableCursor::shape","function","directly-exercisable-through-harness","source-reviewed high-level MappingInspection and WalkInspection preserve observable path/level/kind/output/raw descriptor semantics without exposing table access or frames","evidence-complete"
"ada32824cd813c16ab6ea30322ee396aad3aaa75","4015","aarch64_vmsa::table::access::TableShape","struct","directly-exercisable-through-harness","source-reviewed high-level MappingInspection and WalkInspection preserve observable path/level/kind/output/raw descriptor semantics without exposing table access or frames","evidence-complete"
"ada32824cd813c16ab6ea30322ee396aad3aaa75","5105","aarch64_vmsa::table::access::TableShape::alloc_layout","function","directly-exercisable-through-harness","source-reviewed high-level MappingInspection and WalkInspection preserve observable path/level/kind/output/raw descriptor semantics without exposing table access or frames","evidence-complete"
"ada32824cd813c16ab6ea30322ee396aad3aaa75","5104","aarch64_vmsa::table::access::TableShape::entries","function","directly-exercisable-through-harness","source-reviewed high-level MappingInspection and WalkInspection preserve observable path/level/kind/output/raw descriptor semantics without exposing table access or frames","evidence-complete"
"ada32824cd813c16ab6ea30322ee396aad3aaa75","5107","aarch64_vmsa::table::access::TableShape::index_for_input","function","directly-exercisable-through-harness","source-reviewed high-level MappingInspection and WalkInspection preserve observable path/level/kind/output/raw descriptor semantics without exposing table access or frames","evidence-complete"
"ada32824cd813c16ab6ea30322ee396aad3aaa75","5102","aarch64_vmsa::table::access::TableShape::level","function","directly-exercisable-through-harness","source-reviewed high-level MappingInspection and WalkInspection preserve observable path/level/kind/output/raw descriptor semantics without exposing table access or frames","evidence-complete"
"ada32824cd813c16ab6ea30322ee396aad3aaa75","5101","aarch64_vmsa::table::access::TableShape::new","function","directly-exercisable-through-harness","source-reviewed high-level MappingInspection and WalkInspection preserve observable path/level/kind/output/raw descriptor semantics without exposing table access or frames","evidence-complete"
"ada32824cd813c16ab6ea30322ee396aad3aaa75","5100","aarch64_vmsa::table::access::TableShape::root","function","directly-exercisable-through-harness","source-reviewed high-level MappingInspection and WalkInspection preserve observable path/level/kind/output/raw descriptor semantics without exposing table access or frames","evidence-complete"
"ada32824cd813c16ab6ea30322ee396aad3aaa75","5103","aarch64_vmsa::table::access::TableShape::stride_count","function","directly-exercisable-through-harness","source-reviewed high-level MappingInspection and WalkInspection preserve observable path/level/kind/output/raw descriptor semantics without exposing table access or frames","evidence-complete"
"ada32824cd813c16ab6ea30322ee396aad3aaa75","5106","aarch64_vmsa::table::access::TableShape::validate_base","function","directly-exercisable-through-harness","source-reviewed high-level MappingInspection and WalkInspection preserve observable path/level/kind/output/raw descriptor semantics without exposing table access or frames","evidence-complete"
"ada32824cd813c16ab6ea30322ee396aad3aaa75","5068","aarch64_vmsa::table::access::TableStrideCount","struct","directly-exercisable-through-harness","source-reviewed high-level MappingInspection and WalkInspection preserve observable path/level/kind/output/raw descriptor semantics without exposing table access or frames","evidence-complete"
"ada32824cd813c16ab6ea30322ee396aad3aaa75","5069","aarch64_vmsa::table::access::TableStrideCount::ONE","assoc_const","directly-exercisable-through-harness","source-reviewed high-level MappingInspection and WalkInspection preserve observable path/level/kind/output/raw descriptor semantics without exposing table access or frames","evidence-complete"
"ada32824cd813c16ab6ea30322ee396aad3aaa75","5070","aarch64_vmsa::table::access::TableStrideCount::new","function","directly-exercisable-through-harness","source-reviewed high-level MappingInspection and WalkInspection preserve observable path/level/kind/output/raw descriptor semantics without exposing table access or frames","evidence-complete"
"ada32824cd813c16ab6ea30322ee396aad3aaa75","5071","aarch64_vmsa::table::access::TableStrideCount::raw","function","directly-exercisable-through-harness","source-reviewed high-level MappingInspection and WalkInspection preserve observable path/level/kind/output/raw descriptor semantics without exposing table access or frames","evidence-complete"
"ada32824cd813c16ab6ea30322ee396aad3aaa75","3725","aarch64_vmsa::table::access::TableTransition","struct","directly-exercisable-through-harness","source-reviewed high-level MappingInspection and WalkInspection preserve observable path/level/kind/output/raw descriptor semantics without exposing table access or frames","evidence-complete"
"ada32824cd813c16ab6ea30322ee396aad3aaa75","5169","aarch64_vmsa::table::access::TableTransition::child","function","directly-exercisable-through-harness","source-reviewed high-level MappingInspection and WalkInspection preserve observable path/level/kind/output/raw descriptor semantics without exposing table access or frames","evidence-complete"
"ada32824cd813c16ab6ea30322ee396aad3aaa75","5171","aarch64_vmsa::table::access::TableTransition::child_level","function","directly-exercisable-through-harness","source-reviewed high-level MappingInspection and WalkInspection preserve observable path/level/kind/output/raw descriptor semantics without exposing table access or frames","evidence-complete"
"ada32824cd813c16ab6ea30322ee396aad3aaa75","5172","aarch64_vmsa::table::access::TableTransition::level_step","function","directly-exercisable-through-harness","source-reviewed high-level MappingInspection and WalkInspection preserve observable path/level/kind/output/raw descriptor semantics without exposing table access or frames","evidence-complete"
"ada32824cd813c16ab6ea30322ee396aad3aaa75","5167","aarch64_vmsa::table::access::TableTransition::new","function","directly-exercisable-through-harness","source-reviewed high-level MappingInspection and WalkInspection preserve observable path/level/kind/output/raw descriptor semantics without exposing table access or frames","evidence-complete"
"ada32824cd813c16ab6ea30322ee396aad3aaa75","5168","aarch64_vmsa::table::access::TableTransition::parent","function","directly-exercisable-through-harness","source-reviewed high-level MappingInspection and WalkInspection preserve observable path/level/kind/output/raw descriptor semantics without exposing table access or frames","evidence-complete"
"ada32824cd813c16ab6ea30322ee396aad3aaa75","5170","aarch64_vmsa::table::access::TableTransition::parent_level","function","directly-exercisable-through-harness","source-reviewed high-level MappingInspection and WalkInspection preserve observable path/level/kind/output/raw descriptor semantics without exposing table access or frames","evidence-complete"
"ada32824cd813c16ab6ea30322ee396aad3aaa75","5236","aarch64_vmsa::table::access::TableWalkPath","struct","directly-exercisable-through-harness","source-reviewed high-level MappingInspection and WalkInspection preserve observable path/level/kind/output/raw descriptor semantics without exposing table access or frames","evidence-complete"
"ada32824cd813c16ab6ea30322ee396aad3aaa75","5240","aarch64_vmsa::table::access::TableWalkPath::bits","function","directly-exercisable-through-harness","source-reviewed high-level MappingInspection and WalkInspection preserve observable path/level/kind/output/raw descriptor semantics without exposing table access or frames","evidence-complete"
"ada32824cd813c16ab6ea30322ee396aad3aaa75","5242","aarch64_vmsa::table::access::TableWalkPath::entry","function","directly-exercisable-through-harness","source-reviewed high-level MappingInspection and WalkInspection preserve observable path/level/kind/output/raw descriptor semantics without exposing table access or frames","evidence-complete"
"ada32824cd813c16ab6ea30322ee396aad3aaa75","5243","aarch64_vmsa::table::access::TableWalkPath::index","function","directly-exercisable-through-harness","source-reviewed high-level MappingInspection and WalkInspection preserve observable path/level/kind/output/raw descriptor semantics without exposing table access or frames","evidence-complete"
"ada32824cd813c16ab6ea30322ee396aad3aaa75","5239","aarch64_vmsa::table::access::TableWalkPath::is_root","function","directly-exercisable-through-harness","source-reviewed high-level MappingInspection and WalkInspection preserve observable path/level/kind/output/raw descriptor semantics without exposing table access or frames","evidence-complete"
"ada32824cd813c16ab6ea30322ee396aad3aaa75","5238","aarch64_vmsa::table::access::TableWalkPath::len","function","directly-exercisable-through-harness","source-reviewed high-level MappingInspection and WalkInspection preserve observable path/level/kind/output/raw descriptor semantics without exposing table access or frames","evidence-complete"
"ada32824cd813c16ab6ea30322ee396aad3aaa75","5244","aarch64_vmsa::table::access::TableWalkPath::level_index","function","directly-exercisable-through-harness","source-reviewed high-level MappingInspection and WalkInspection preserve observable path/level/kind/output/raw descriptor semantics without exposing table access or frames","evidence-complete"
"ada32824cd813c16ab6ea30322ee396aad3aaa75","5241","aarch64_vmsa::table::access::TableWalkPath::push","function","directly-exercisable-through-harness","source-reviewed high-level MappingInspection and WalkInspection preserve observable path/level/kind/output/raw descriptor semantics without exposing table access or frames","evidence-complete"
"ada32824cd813c16ab6ea30322ee396aad3aaa75","5237","aarch64_vmsa::table::access::TableWalkPath::root","function","directly-exercisable-through-harness","source-reviewed high-level MappingInspection and WalkInspection preserve observable path/level/kind/output/raw descriptor semantics without exposing table access or frames","evidence-complete"
"ada32824cd813c16ab6ea30322ee396aad3aaa75","5245","aarch64_vmsa::table::access::TableWalkPath::terminal_level","function","directly-exercisable-through-harness","source-reviewed high-level MappingInspection and WalkInspection preserve observable path/level/kind/output/raw descriptor semantics without exposing table access or frames","evidence-complete"
"ada32824cd813c16ab6ea30322ee396aad3aaa75","5201","aarch64_vmsa::table::access::TableWalkPathEntry","struct","directly-exercisable-through-harness","source-reviewed high-level MappingInspection and WalkInspection preserve observable path/level/kind/output/raw descriptor semantics without exposing table access or frames","evidence-complete"
"ada32824cd813c16ab6ea30322ee396aad3aaa75","5204","aarch64_vmsa::table::access::TableWalkPathEntry::child_level","function","directly-exercisable-through-harness","source-reviewed high-level MappingInspection and WalkInspection preserve observable path/level/kind/output/raw descriptor semantics without exposing table access or frames","evidence-complete"
"ada32824cd813c16ab6ea30322ee396aad3aaa75","5205","aarch64_vmsa::table::access::TableWalkPathEntry::index","function","directly-exercisable-through-harness","source-reviewed high-level MappingInspection and WalkInspection preserve observable path/level/kind/output/raw descriptor semantics without exposing table access or frames","evidence-complete"
"ada32824cd813c16ab6ea30322ee396aad3aaa75","5202","aarch64_vmsa::table::access::TableWalkPathEntry::parent","function","directly-exercisable-through-harness","source-reviewed high-level MappingInspection and WalkInspection preserve observable path/level/kind/output/raw descriptor semantics without exposing table access or frames","evidence-complete"
"ada32824cd813c16ab6ea30322ee396aad3aaa75","5203","aarch64_vmsa::table::access::TableWalkPathEntry::parent_level","function","directly-exercisable-through-harness","source-reviewed high-level MappingInspection and WalkInspection preserve observable path/level/kind/output/raw descriptor semantics without exposing table access or frames","evidence-complete"
"ada32824cd813c16ab6ea30322ee396aad3aaa75","3853","aarch64_vmsa::table::addr::TableAddressError","enum","exercisable-through-isolated-malformed-input","source-reviewed high-level MappingInspection and WalkInspection preserve observable path/level/kind/output/raw descriptor semantics without exposing table access or frames","evidence-complete"
"ada32824cd813c16ab6ea30322ee396aad3aaa75","3948","aarch64_vmsa::table::addr::TablePhysAddr","struct","directly-exercisable-through-harness","source-reviewed high-level MappingInspection and WalkInspection preserve observable path/level/kind/output/raw descriptor semantics without exposing table access or frames","evidence-complete"
"ada32824cd813c16ab6ea30322ee396aad3aaa75","5372","aarch64_vmsa::table::addr::TablePhysAddr::new","function","directly-exercisable-through-harness","source-reviewed high-level MappingInspection and WalkInspection preserve observable path/level/kind/output/raw descriptor semantics without exposing table access or frames","evidence-complete"
"ada32824cd813c16ab6ea30322ee396aad3aaa75","5371","aarch64_vmsa::table::addr::TablePhysAddr::new_unchecked","function","directly-exercisable-through-harness","source-reviewed high-level MappingInspection and WalkInspection preserve observable path/level/kind/output/raw descriptor semantics without exposing table access or frames","evidence-complete"
"ada32824cd813c16ab6ea30322ee396aad3aaa75","5373","aarch64_vmsa::table::addr::TablePhysAddr::phys","function","directly-exercisable-through-harness","source-reviewed high-level MappingInspection and WalkInspection preserve observable path/level/kind/output/raw descriptor semantics without exposing table access or frames","evidence-complete"
"ada32824cd813c16ab6ea30322ee396aad3aaa75","5374","aarch64_vmsa::table::addr::TablePhysAddr::raw","function","directly-exercisable-through-harness","source-reviewed high-level MappingInspection and WalkInspection preserve observable path/level/kind/output/raw descriptor semantics without exposing table access or frames","evidence-complete"
"ada32824cd813c16ab6ea30322ee396aad3aaa75","3847","aarch64_vmsa::table::error::AccessError","enum","exercisable-through-isolated-malformed-input","source-reviewed high-level MappingInspection and WalkInspection preserve observable path/level/kind/output/raw descriptor semantics without exposing table access or frames","evidence-complete"
"ada32824cd813c16ab6ea30322ee396aad3aaa75","3850","aarch64_vmsa::table::error::TableError","enum","exercisable-through-isolated-malformed-input","source-reviewed high-level MappingInspection and WalkInspection preserve observable path/level/kind/output/raw descriptor semantics without exposing table access or frames","evidence-complete"
"ada32824cd813c16ab6ea30322ee396aad3aaa75","5408","aarch64_vmsa::table::frame::TableFrame","trait","pure-compile-time-or-type-system","typed catalog bounds and compile-time regime/format selection","classified"
"ada32824cd813c16ab6ea30322ee396aad3aaa75","4204","aarch64_vmsa::table::frame::TableFrameProvider","trait","pure-compile-time-or-type-system","typed catalog bounds and compile-time regime/format selection","classified"
"ada32824cd813c16ab6ea30322ee396aad3aaa75","5577","aarch64_vmsa::table::geometry","module","pure-compile-time-or-type-system","public namespace and reexport surface","classified"
"ada32824cd813c16ab6ea30322ee396aad3aaa75","5549","aarch64_vmsa::table::geometry::TableGeometry","struct","directly-exercisable-through-harness","source-reviewed high-level MappingInspection and WalkInspection preserve observable path/level/kind/output/raw descriptor semantics without exposing table access or frames","evidence-complete"
"ada32824cd813c16ab6ea30322ee396aad3aaa75","5551","aarch64_vmsa::table::geometry::TableGeometry::checked_entries_for_stride_count","function","directly-exercisable-through-harness","source-reviewed high-level MappingInspection and WalkInspection preserve observable path/level/kind/output/raw descriptor semantics without exposing table access or frames","evidence-complete"
"ada32824cd813c16ab6ea30322ee396aad3aaa75","5555","aarch64_vmsa::table::geometry::TableGeometry::checked_index_mask_for_stride_count","function","directly-exercisable-through-harness","source-reviewed high-level MappingInspection and WalkInspection preserve observable path/level/kind/output/raw descriptor semantics without exposing table access or frames","evidence-complete"
"ada32824cd813c16ab6ea30322ee396aad3aaa75","5557","aarch64_vmsa::table::geometry::TableGeometry::checked_level_shift","function","directly-exercisable-through-harness","source-reviewed high-level MappingInspection and WalkInspection preserve observable path/level/kind/output/raw descriptor semantics without exposing table access or frames","evidence-complete"
"ada32824cd813c16ab6ea30322ee396aad3aaa75","5550","aarch64_vmsa::table::geometry::TableGeometry::entries","function","directly-exercisable-through-harness","source-reviewed high-level MappingInspection and WalkInspection preserve observable path/level/kind/output/raw descriptor semantics without exposing table access or frames","evidence-complete"
"ada32824cd813c16ab6ea30322ee396aad3aaa75","5552","aarch64_vmsa::table::geometry::TableGeometry::entries_for_stride_count","function","directly-exercisable-through-harness","source-reviewed high-level MappingInspection and WalkInspection preserve observable path/level/kind/output/raw descriptor semantics without exposing table access or frames","evidence-complete"
"ada32824cd813c16ab6ea30322ee396aad3aaa75","5559","aarch64_vmsa::table::geometry::TableGeometry::index_at_level_raw","function","directly-exercisable-through-harness","source-reviewed high-level MappingInspection and WalkInspection preserve observable path/level/kind/output/raw descriptor semantics without exposing table access or frames","evidence-complete"
"ada32824cd813c16ab6ea30322ee396aad3aaa75","5560","aarch64_vmsa::table::geometry::TableGeometry::index_at_level_raw_strides","function","directly-exercisable-through-harness","source-reviewed high-level MappingInspection and WalkInspection preserve observable path/level/kind/output/raw descriptor semantics without exposing table access or frames","evidence-complete"
"ada32824cd813c16ab6ea30322ee396aad3aaa75","5553","aarch64_vmsa::table::geometry::TableGeometry::index_bits","function","directly-exercisable-through-harness","source-reviewed high-level MappingInspection and WalkInspection preserve observable path/level/kind/output/raw descriptor semantics without exposing table access or frames","evidence-complete"
"ada32824cd813c16ab6ea30322ee396aad3aaa75","5554","aarch64_vmsa::table::geometry::TableGeometry::index_mask","function","directly-exercisable-through-harness","source-reviewed high-level MappingInspection and WalkInspection preserve observable path/level/kind/output/raw descriptor semantics without exposing table access or frames","evidence-complete"
"ada32824cd813c16ab6ea30322ee396aad3aaa75","5556","aarch64_vmsa::table::geometry::TableGeometry::index_mask_for_stride_count","function","directly-exercisable-through-harness","source-reviewed high-level MappingInspection and WalkInspection preserve observable path/level/kind/output/raw descriptor semantics without exposing table access or frames","evidence-complete"
"ada32824cd813c16ab6ea30322ee396aad3aaa75","5558","aarch64_vmsa::table::geometry::TableGeometry::level_shift","function","directly-exercisable-through-harness","source-reviewed high-level MappingInspection and WalkInspection preserve observable path/level/kind/output/raw descriptor semantics without exposing table access or frames","evidence-complete"
"ada32824cd813c16ab6ea30322ee396aad3aaa75","5561","aarch64_vmsa::table::geometry::TableGeometry::offset_at_level_raw","function","directly-exercisable-through-harness","source-reviewed high-level MappingInspection and WalkInspection preserve observable path/level/kind/output/raw descriptor semantics without exposing table access or frames","evidence-complete"
"ada32824cd813c16ab6ea30322ee396aad3aaa75","5353","aarch64_vmsa::table::offset::OffsetTableAccess","struct","directly-exercisable-through-harness","source-reviewed high-level MappingInspection and WalkInspection preserve observable path/level/kind/output/raw descriptor semantics without exposing table access or frames","evidence-complete"
"ada32824cd813c16ab6ea30322ee396aad3aaa75","5579","aarch64_vmsa::table::offset::OffsetTableAccess::new","function","directly-exercisable-through-harness","source-reviewed high-level MappingInspection and WalkInspection preserve observable path/level/kind/output/raw descriptor semantics without exposing table access or frames","evidence-complete"
"ada32824cd813c16ab6ea30322ee396aad3aaa75","5580","aarch64_vmsa::table::offset::OffsetTableAccess::offset","function","directly-exercisable-through-harness","source-reviewed high-level MappingInspection and WalkInspection preserve observable path/level/kind/output/raw descriptor semantics without exposing table access or frames","evidence-complete"
"ada32824cd813c16ab6ea30322ee396aad3aaa75","5357","aarch64_vmsa::table::recursive::RecursiveTableAccess","struct","directly-exercisable-through-harness","source-reviewed high-level MappingInspection and WalkInspection preserve observable path/level/kind/output/raw descriptor semantics without exposing table access or frames","evidence-complete"
"ada32824cd813c16ab6ea30322ee396aad3aaa75","5612","aarch64_vmsa::table::recursive::RecursiveTableAccess::new","function","directly-exercisable-through-harness","source-reviewed high-level MappingInspection and WalkInspection preserve observable path/level/kind/output/raw descriptor semantics without exposing table access or frames","evidence-complete"
"ada32824cd813c16ab6ea30322ee396aad3aaa75","5614","aarch64_vmsa::table::recursive::RecursiveTableAccess::recursive_base","function","directly-exercisable-through-harness","source-reviewed high-level MappingInspection and WalkInspection preserve observable path/level/kind/output/raw descriptor semantics without exposing table access or frames","evidence-complete"
"ada32824cd813c16ab6ea30322ee396aad3aaa75","5613","aarch64_vmsa::table::recursive::RecursiveTableAccess::recursive_index","function","directly-exercisable-through-harness","source-reviewed high-level MappingInspection and WalkInspection preserve observable path/level/kind/output/raw descriptor semantics without exposing table access or frames","evidence-complete"
"ada32824cd813c16ab6ea30322ee396aad3aaa75","5615","aarch64_vmsa::table::recursive::RecursiveTableAccess::root","function","directly-exercisable-through-harness","source-reviewed high-level MappingInspection and WalkInspection preserve observable path/level/kind/output/raw descriptor semantics without exposing table access or frames","evidence-complete"
"ada32824cd813c16ab6ea30322ee396aad3aaa75","5616","aarch64_vmsa::table::recursive::RecursiveTableAccess::root_level","function","directly-exercisable-through-harness","source-reviewed high-level MappingInspection and WalkInspection preserve observable path/level/kind/output/raw descriptor semantics without exposing table access or frames","evidence-complete"
"ada32824cd813c16ab6ea30322ee396aad3aaa75","4381","aarch64_vmsa::table::root::RootTable","struct","directly-exercisable-through-harness","source-reviewed high-level MappingInspection and WalkInspection preserve observable path/level/kind/output/raw descriptor semantics without exposing table access or frames","evidence-complete"
"ada32824cd813c16ab6ea30322ee396aad3aaa75","5649","aarch64_vmsa::table::root::RootTable::addr","function","directly-exercisable-through-harness","source-reviewed high-level MappingInspection and WalkInspection preserve observable path/level/kind/output/raw descriptor semantics without exposing table access or frames","evidence-complete"
"ada32824cd813c16ab6ea30322ee396aad3aaa75","5651","aarch64_vmsa::table::root::RootTable::addr_bits","function","directly-exercisable-through-harness","source-reviewed high-level MappingInspection and WalkInspection preserve observable path/level/kind/output/raw descriptor semantics without exposing table access or frames","evidence-complete"
"ada32824cd813c16ab6ea30322ee396aad3aaa75","5650","aarch64_vmsa::table::root::RootTable::level","function","directly-exercisable-through-harness","source-reviewed high-level MappingInspection and WalkInspection preserve observable path/level/kind/output/raw descriptor semantics without exposing table access or frames","evidence-complete"
"ada32824cd813c16ab6ea30322ee396aad3aaa75","5648","aarch64_vmsa::table::root::RootTable::new","function","directly-exercisable-through-harness","source-reviewed high-level MappingInspection and WalkInspection preserve observable path/level/kind/output/raw descriptor semantics without exposing table access or frames","evidence-complete"
"ada32824cd813c16ab6ea30322ee396aad3aaa75","5652","aarch64_vmsa::table::root::RootTable::output_addr_bits","function","directly-exercisable-through-harness","source-reviewed high-level MappingInspection and WalkInspection preserve observable path/level/kind/output/raw descriptor semantics without exposing table access or frames","evidence-complete"
"ada32824cd813c16ab6ea30322ee396aad3aaa75","5349","aarch64_vmsa::table::table_ref::TranslationTable","struct","directly-exercisable-through-harness","source-reviewed high-level MappingInspection and WalkInspection preserve observable path/level/kind/output/raw descriptor semantics without exposing table access or frames","evidence-complete"
"ada32824cd813c16ab6ea30322ee396aad3aaa75","5687","aarch64_vmsa::table::table_ref::TranslationTable::base","function","directly-exercisable-through-harness","source-reviewed high-level MappingInspection and WalkInspection preserve observable path/level/kind/output/raw descriptor semantics without exposing table access or frames","evidence-complete"
"ada32824cd813c16ab6ea30322ee396aad3aaa75","5688","aarch64_vmsa::table::table_ref::TranslationTable::entries","function","directly-exercisable-through-harness","source-reviewed high-level MappingInspection and WalkInspection preserve observable path/level/kind/output/raw descriptor semantics without exposing table access or frames","evidence-complete"
"ada32824cd813c16ab6ea30322ee396aad3aaa75","5689","aarch64_vmsa::table::table_ref::TranslationTable::entry_ptr","function","directly-exercisable-through-harness","source-reviewed high-level MappingInspection and WalkInspection preserve observable path/level/kind/output/raw descriptor semantics without exposing table access or frames","evidence-complete"
"ada32824cd813c16ab6ea30322ee396aad3aaa75","5682","aarch64_vmsa::table::table_ref::TranslationTable::from_ptr","function","directly-exercisable-through-harness","source-reviewed high-level MappingInspection and WalkInspection preserve observable path/level/kind/output/raw descriptor semantics without exposing table access or frames","evidence-complete"
"ada32824cd813c16ab6ea30322ee396aad3aaa75","5691","aarch64_vmsa::table::table_ref::TranslationTable::index_bits","function","directly-exercisable-through-harness","source-reviewed high-level MappingInspection and WalkInspection preserve observable path/level/kind/output/raw descriptor semantics without exposing table access or frames","evidence-complete"
"ada32824cd813c16ab6ea30322ee396aad3aaa75","5694","aarch64_vmsa::table::table_ref::TranslationTable::index_for_va","function","directly-exercisable-through-harness","source-reviewed high-level MappingInspection and WalkInspection preserve observable path/level/kind/output/raw descriptor semantics without exposing table access or frames","evidence-complete"
"ada32824cd813c16ab6ea30322ee396aad3aaa75","5692","aarch64_vmsa::table::table_ref::TranslationTable::index_mask","function","directly-exercisable-through-harness","source-reviewed high-level MappingInspection and WalkInspection preserve observable path/level/kind/output/raw descriptor semantics without exposing table access or frames","evidence-complete"
"ada32824cd813c16ab6ea30322ee396aad3aaa75","5684","aarch64_vmsa::table::table_ref::TranslationTable::level","function","directly-exercisable-through-harness","source-reviewed high-level MappingInspection and WalkInspection preserve observable path/level/kind/output/raw descriptor semantics without exposing table access or frames","evidence-complete"
"ada32824cd813c16ab6ea30322ee396aad3aaa75","5693","aarch64_vmsa::table::table_ref::TranslationTable::level_shift","function","directly-exercisable-through-harness","source-reviewed high-level MappingInspection and WalkInspection preserve observable path/level/kind/output/raw descriptor semantics without exposing table access or frames","evidence-complete"
"ada32824cd813c16ab6ea30322ee396aad3aaa75","5690","aarch64_vmsa::table::table_ref::TranslationTable::read","function","directly-exercisable-through-harness","source-reviewed high-level MappingInspection and WalkInspection preserve observable path/level/kind/output/raw descriptor semantics without exposing table access or frames","evidence-complete"
"ada32824cd813c16ab6ea30322ee396aad3aaa75","5686","aarch64_vmsa::table::table_ref::TranslationTable::shape","function","directly-exercisable-through-harness","source-reviewed high-level MappingInspection and WalkInspection preserve observable path/level/kind/output/raw descriptor semantics without exposing table access or frames","evidence-complete"
"ada32824cd813c16ab6ea30322ee396aad3aaa75","5685","aarch64_vmsa::table::table_ref::TranslationTable::stride_count","function","directly-exercisable-through-harness","source-reviewed high-level MappingInspection and WalkInspection preserve observable path/level/kind/output/raw descriptor semantics without exposing table access or frames","evidence-complete"
"ada32824cd813c16ab6ea30322ee396aad3aaa75","5362","aarch64_vmsa::table::table_ref::TranslationTableMut","struct","directly-exercisable-through-harness","source-reviewed high-level MappingInspection and WalkInspection preserve observable path/level/kind/output/raw descriptor semantics without exposing table access or frames","evidence-complete"
"ada32824cd813c16ab6ea30322ee396aad3aaa75","5724","aarch64_vmsa::table::table_ref::TranslationTableMut::as_table","function","directly-exercisable-through-harness","source-reviewed high-level MappingInspection and WalkInspection preserve observable path/level/kind/output/raw descriptor semantics without exposing table access or frames","evidence-complete"
"ada32824cd813c16ab6ea30322ee396aad3aaa75","5723","aarch64_vmsa::table::table_ref::TranslationTableMut::base","function","directly-exercisable-through-harness","source-reviewed high-level MappingInspection and WalkInspection preserve observable path/level/kind/output/raw descriptor semantics without exposing table access or frames","evidence-complete"
"ada32824cd813c16ab6ea30322ee396aad3aaa75","5725","aarch64_vmsa::table::table_ref::TranslationTableMut::entries","function","directly-exercisable-through-harness","source-reviewed high-level MappingInspection and WalkInspection preserve observable path/level/kind/output/raw descriptor semantics without exposing table access or frames","evidence-complete"
"ada32824cd813c16ab6ea30322ee396aad3aaa75","5726","aarch64_vmsa::table::table_ref::TranslationTableMut::entry_ptr","function","directly-exercisable-through-harness","source-reviewed high-level MappingInspection and WalkInspection preserve observable path/level/kind/output/raw descriptor semantics without exposing table access or frames","evidence-complete"
"ada32824cd813c16ab6ea30322ee396aad3aaa75","5719","aarch64_vmsa::table::table_ref::TranslationTableMut::from_ptr","function","directly-exercisable-through-harness","source-reviewed high-level MappingInspection and WalkInspection preserve observable path/level/kind/output/raw descriptor semantics without exposing table access or frames","evidence-complete"
"ada32824cd813c16ab6ea30322ee396aad3aaa75","5729","aarch64_vmsa::table::table_ref::TranslationTableMut::index_bits","function","directly-exercisable-through-harness","source-reviewed high-level MappingInspection and WalkInspection preserve observable path/level/kind/output/raw descriptor semantics without exposing table access or frames","evidence-complete"
"ada32824cd813c16ab6ea30322ee396aad3aaa75","5732","aarch64_vmsa::table::table_ref::TranslationTableMut::index_for_va","function","directly-exercisable-through-harness","source-reviewed high-level MappingInspection and WalkInspection preserve observable path/level/kind/output/raw descriptor semantics without exposing table access or frames","evidence-complete"
"ada32824cd813c16ab6ea30322ee396aad3aaa75","5730","aarch64_vmsa::table::table_ref::TranslationTableMut::index_mask","function","directly-exercisable-through-harness","source-reviewed high-level MappingInspection and WalkInspection preserve observable path/level/kind/output/raw descriptor semantics without exposing table access or frames","evidence-complete"
"ada32824cd813c16ab6ea30322ee396aad3aaa75","5720","aarch64_vmsa::table::table_ref::TranslationTableMut::level","function","directly-exercisable-through-harness","source-reviewed high-level MappingInspection and WalkInspection preserve observable path/level/kind/output/raw descriptor semantics without exposing table access or frames","evidence-complete"
"ada32824cd813c16ab6ea30322ee396aad3aaa75","5731","aarch64_vmsa::table::table_ref::TranslationTableMut::level_shift","function","directly-exercisable-through-harness","source-reviewed high-level MappingInspection and WalkInspection preserve observable path/level/kind/output/raw descriptor semantics without exposing table access or frames","evidence-complete"
"ada32824cd813c16ab6ea30322ee396aad3aaa75","5727","aarch64_vmsa::table::table_ref::TranslationTableMut::read","function","directly-exercisable-through-harness","source-reviewed high-level MappingInspection and WalkInspection preserve observable path/level/kind/output/raw descriptor semantics without exposing table access or frames","evidence-complete"
"ada32824cd813c16ab6ea30322ee396aad3aaa75","5722","aarch64_vmsa::table::table_ref::TranslationTableMut::shape","function","directly-exercisable-through-harness","source-reviewed high-level MappingInspection and WalkInspection preserve observable path/level/kind/output/raw descriptor semantics without exposing table access or frames","evidence-complete"
"ada32824cd813c16ab6ea30322ee396aad3aaa75","5721","aarch64_vmsa::table::table_ref::TranslationTableMut::stride_count","function","directly-exercisable-through-harness","source-reviewed high-level MappingInspection and WalkInspection preserve observable path/level/kind/output/raw descriptor semantics without exposing table access or frames","evidence-complete"
"ada32824cd813c16ab6ea30322ee396aad3aaa75","5728","aarch64_vmsa::table::table_ref::TranslationTableMut::write","function","directly-exercisable-through-harness","source-reviewed high-level MappingInspection and WalkInspection preserve observable path/level/kind/output/raw descriptor semantics without exposing table access or frames","evidence-complete"
"ada32824cd813c16ab6ea30322ee396aad3aaa75","6220","aarch64_vmsa::translation","module","pure-compile-time-or-type-system","public namespace and reexport surface","classified"
"ada32824cd813c16ab6ea30322ee396aad3aaa75","6219","aarch64_vmsa::translation","use","pure-compile-time-or-type-system","public namespace and reexport surface","classified"
"ada32824cd813c16ab6ea30322ee396aad3aaa75","6218","aarch64_vmsa::translation::walk","module","pure-compile-time-or-type-system","public namespace and reexport surface","classified"
"ada32824cd813c16ab6ea30322ee396aad3aaa75","3733","aarch64_vmsa::translation::walk::Stage1","struct","exercisable-through-typed-descriptor-inspection","source-reviewed high-level MappingInspection and WalkInspection preserve observable path/level/kind/output/raw descriptor semantics without exposing table access or frames","evidence-complete"
"ada32824cd813c16ab6ea30322ee396aad3aaa75","4525","aarch64_vmsa::translation::walk::Stage1Walk","struct","exercisable-through-typed-descriptor-inspection","source-reviewed high-level MappingInspection and WalkInspection preserve observable path/level/kind/output/raw descriptor semantics without exposing table access or frames","evidence-complete"
"ada32824cd813c16ab6ea30322ee396aad3aaa75","6216","aarch64_vmsa::translation::walk::Stage1Walker","type_alias","pure-compile-time-or-type-system","typed catalog bounds and compile-time regime/format selection","classified"
"ada32824cd813c16ab6ea30322ee396aad3aaa75","3736","aarch64_vmsa::translation::walk::Stage2","struct","exercisable-through-typed-descriptor-inspection","source-reviewed high-level MappingInspection and WalkInspection preserve observable path/level/kind/output/raw descriptor semantics without exposing table access or frames","evidence-complete"
"ada32824cd813c16ab6ea30322ee396aad3aaa75","4586","aarch64_vmsa::translation::walk::Stage2Walk","struct","exercisable-through-typed-descriptor-inspection","source-reviewed high-level MappingInspection and WalkInspection preserve observable path/level/kind/output/raw descriptor semantics without exposing table access or frames","evidence-complete"
"ada32824cd813c16ab6ea30322ee396aad3aaa75","6217","aarch64_vmsa::translation::walk::Stage2Walker","type_alias","pure-compile-time-or-type-system","typed catalog bounds and compile-time regime/format selection","classified"
"ada32824cd813c16ab6ea30322ee396aad3aaa75","3730","aarch64_vmsa::translation::walk::TranslationStage","trait","pure-compile-time-or-type-system","typed catalog bounds and compile-time regime/format selection","classified"
"ada32824cd813c16ab6ea30322ee396aad3aaa75","4283","aarch64_vmsa::translation::walk::TranslationWalkProfile","trait","pure-compile-time-or-type-system","typed catalog bounds and compile-time regime/format selection","classified"
"ada32824cd813c16ab6ea30322ee396aad3aaa75","5928","aarch64_vmsa::translation::walk::WalkCursor","struct","exercisable-through-typed-descriptor-inspection","source-reviewed high-level MappingInspection and WalkInspection preserve observable path/level/kind/output/raw descriptor semantics without exposing table access or frames","evidence-complete"
"ada32824cd813c16ab6ea30322ee396aad3aaa75","5933","aarch64_vmsa::translation::walk::WalkCursor::current","function","exercisable-through-typed-descriptor-inspection","source-reviewed high-level MappingInspection and WalkInspection preserve observable path/level/kind/output/raw descriptor semantics without exposing table access or frames","evidence-complete"
"ada32824cd813c16ab6ea30322ee396aad3aaa75","5938","aarch64_vmsa::translation::walk::WalkCursor::entry_index","function","exercisable-through-typed-descriptor-inspection","source-reviewed high-level MappingInspection and WalkInspection preserve observable path/level/kind/output/raw descriptor semantics without exposing table access or frames","evidence-complete"
"ada32824cd813c16ab6ea30322ee396aad3aaa75","5930","aarch64_vmsa::translation::walk::WalkCursor::input","function","exercisable-through-typed-descriptor-inspection","source-reviewed high-level MappingInspection and WalkInspection preserve observable path/level/kind/output/raw descriptor semantics without exposing table access or frames","evidence-complete"
"ada32824cd813c16ab6ea30322ee396aad3aaa75","5934","aarch64_vmsa::translation::walk::WalkCursor::level","function","exercisable-through-typed-descriptor-inspection","source-reviewed high-level MappingInspection and WalkInspection preserve observable path/level/kind/output/raw descriptor semantics without exposing table access or frames","evidence-complete"
"ada32824cd813c16ab6ea30322ee396aad3aaa75","5937","aarch64_vmsa::translation::walk::WalkCursor::location","function","exercisable-through-typed-descriptor-inspection","source-reviewed high-level MappingInspection and WalkInspection preserve observable path/level/kind/output/raw descriptor semantics without exposing table access or frames","evidence-complete"
"ada32824cd813c16ab6ea30322ee396aad3aaa75","5929","aarch64_vmsa::translation::walk::WalkCursor::new","function","exercisable-through-typed-descriptor-inspection","source-reviewed high-level MappingInspection and WalkInspection preserve observable path/level/kind/output/raw descriptor semantics without exposing table access or frames","evidence-complete"
"ada32824cd813c16ab6ea30322ee396aad3aaa75","5939","aarch64_vmsa::translation::walk::WalkCursor::next_table","function","exercisable-through-typed-descriptor-inspection","source-reviewed high-level MappingInspection and WalkInspection preserve observable path/level/kind/output/raw descriptor semantics without exposing table access or frames","evidence-complete"
"ada32824cd813c16ab6ea30322ee396aad3aaa75","5936","aarch64_vmsa::translation::walk::WalkCursor::path","function","exercisable-through-typed-descriptor-inspection","source-reviewed high-level MappingInspection and WalkInspection preserve observable path/level/kind/output/raw descriptor semantics without exposing table access or frames","evidence-complete"
"ada32824cd813c16ab6ea30322ee396aad3aaa75","5931","aarch64_vmsa::translation::walk::WalkCursor::root","function","exercisable-through-typed-descriptor-inspection","source-reviewed high-level MappingInspection and WalkInspection preserve observable path/level/kind/output/raw descriptor semantics without exposing table access or frames","evidence-complete"
"ada32824cd813c16ab6ea30322ee396aad3aaa75","5932","aarch64_vmsa::translation::walk::WalkCursor::root_level","function","exercisable-through-typed-descriptor-inspection","source-reviewed high-level MappingInspection and WalkInspection preserve observable path/level/kind/output/raw descriptor semantics without exposing table access or frames","evidence-complete"
"ada32824cd813c16ab6ea30322ee396aad3aaa75","5935","aarch64_vmsa::translation::walk::WalkCursor::table","function","exercisable-through-typed-descriptor-inspection","source-reviewed high-level MappingInspection and WalkInspection preserve observable path/level/kind/output/raw descriptor semantics without exposing table access or frames","evidence-complete"
"ada32824cd813c16ab6ea30322ee396aad3aaa75","3858","aarch64_vmsa::translation::walk::WalkCursorError","enum","exercisable-through-isolated-malformed-input","source-reviewed high-level MappingInspection and WalkInspection preserve observable path/level/kind/output/raw descriptor semantics without exposing table access or frames","evidence-complete"
"ada32824cd813c16ab6ea30322ee396aad3aaa75","5440","aarch64_vmsa::translation::walk::WalkError","enum","exercisable-through-isolated-malformed-input","source-reviewed high-level MappingInspection and WalkInspection preserve observable path/level/kind/output/raw descriptor semantics without exposing table access or frames","evidence-complete"
"ada32824cd813c16ab6ea30322ee396aad3aaa75","3896","aarch64_vmsa::translation::walk::WalkInputAddr","struct","exercisable-through-typed-descriptor-inspection","source-reviewed high-level MappingInspection and WalkInspection preserve observable path/level/kind/output/raw descriptor semantics without exposing table access or frames","evidence-complete"
"ada32824cd813c16ab6ea30322ee396aad3aaa75","5864","aarch64_vmsa::translation::walk::WalkInputAddr::new","function","exercisable-through-typed-descriptor-inspection","source-reviewed high-level MappingInspection and WalkInspection preserve observable path/level/kind/output/raw descriptor semantics without exposing table access or frames","evidence-complete"
"ada32824cd813c16ab6ea30322ee396aad3aaa75","5865","aarch64_vmsa::translation::walk::WalkInputAddr::raw","function","exercisable-through-typed-descriptor-inspection","source-reviewed high-level MappingInspection and WalkInspection preserve observable path/level/kind/output/raw descriptor semantics without exposing table access or frames","evidence-complete"
"ada32824cd813c16ab6ea30322ee396aad3aaa75","5963","aarch64_vmsa::translation::walk::WalkInvalid","struct","exercisable-through-typed-descriptor-inspection","source-reviewed high-level MappingInspection and WalkInspection preserve observable path/level/kind/output/raw descriptor semantics without exposing table access or frames","evidence-complete"
"ada32824cd813c16ab6ea30322ee396aad3aaa75","5964","aarch64_vmsa::translation::walk::WalkInvalid::cursor","function","exercisable-through-typed-descriptor-inspection","source-reviewed high-level MappingInspection and WalkInspection preserve observable path/level/kind/output/raw descriptor semantics without exposing table access or frames","evidence-complete"
"ada32824cd813c16ab6ea30322ee396aad3aaa75","5968","aarch64_vmsa::translation::walk::WalkInvalid::entry_index","function","exercisable-through-typed-descriptor-inspection","source-reviewed high-level MappingInspection and WalkInspection preserve observable path/level/kind/output/raw descriptor semantics without exposing table access or frames","evidence-complete"
"ada32824cd813c16ab6ea30322ee396aad3aaa75","5966","aarch64_vmsa::translation::walk::WalkInvalid::input","function","exercisable-through-typed-descriptor-inspection","source-reviewed high-level MappingInspection and WalkInspection preserve observable path/level/kind/output/raw descriptor semantics without exposing table access or frames","evidence-complete"
"ada32824cd813c16ab6ea30322ee396aad3aaa75","5967","aarch64_vmsa::translation::walk::WalkInvalid::level","function","exercisable-through-typed-descriptor-inspection","source-reviewed high-level MappingInspection and WalkInspection preserve observable path/level/kind/output/raw descriptor semantics without exposing table access or frames","evidence-complete"
"ada32824cd813c16ab6ea30322ee396aad3aaa75","5965","aarch64_vmsa::translation::walk::WalkInvalid::location","function","exercisable-through-typed-descriptor-inspection","source-reviewed high-level MappingInspection and WalkInspection preserve observable path/level/kind/output/raw descriptor semantics without exposing table access or frames","evidence-complete"
"ada32824cd813c16ab6ea30322ee396aad3aaa75","5897","aarch64_vmsa::translation::walk::WalkLayoutOf","type_alias","pure-compile-time-or-type-system","typed catalog bounds and compile-time regime/format selection","classified"
"ada32824cd813c16ab6ea30322ee396aad3aaa75","5997","aarch64_vmsa::translation::walk::WalkLeaf","struct","exercisable-through-typed-descriptor-inspection","source-reviewed high-level MappingInspection and WalkInspection preserve observable path/level/kind/output/raw descriptor semantics without exposing table access or frames","evidence-complete"
"ada32824cd813c16ab6ea30322ee396aad3aaa75","5998","aarch64_vmsa::translation::walk::WalkLeaf::cursor","function","exercisable-through-typed-descriptor-inspection","source-reviewed high-level MappingInspection and WalkInspection preserve observable path/level/kind/output/raw descriptor semantics without exposing table access or frames","evidence-complete"
"ada32824cd813c16ab6ea30322ee396aad3aaa75","6002","aarch64_vmsa::translation::walk::WalkLeaf::entry_index","function","exercisable-through-typed-descriptor-inspection","source-reviewed high-level MappingInspection and WalkInspection preserve observable path/level/kind/output/raw descriptor semantics without exposing table access or frames","evidence-complete"
"ada32824cd813c16ab6ea30322ee396aad3aaa75","6006","aarch64_vmsa::translation::walk::WalkLeaf::fields","function","exercisable-through-typed-descriptor-inspection","source-reviewed high-level MappingInspection and WalkInspection preserve observable path/level/kind/output/raw descriptor semantics without exposing table access or frames","evidence-complete"
"ada32824cd813c16ab6ea30322ee396aad3aaa75","6005","aarch64_vmsa::translation::walk::WalkLeaf::kind","function","exercisable-through-typed-descriptor-inspection","source-reviewed high-level MappingInspection and WalkInspection preserve observable path/level/kind/output/raw descriptor semantics without exposing table access or frames","evidence-complete"
"ada32824cd813c16ab6ea30322ee396aad3aaa75","6001","aarch64_vmsa::translation::walk::WalkLeaf::level","function","exercisable-through-typed-descriptor-inspection","source-reviewed high-level MappingInspection and WalkInspection preserve observable path/level/kind/output/raw descriptor semantics without exposing table access or frames","evidence-complete"
"ada32824cd813c16ab6ea30322ee396aad3aaa75","5999","aarch64_vmsa::translation::walk::WalkLeaf::location","function","exercisable-through-typed-descriptor-inspection","source-reviewed high-level MappingInspection and WalkInspection preserve observable path/level/kind/output/raw descriptor semantics without exposing table access or frames","evidence-complete"
"ada32824cd813c16ab6ea30322ee396aad3aaa75","6004","aarch64_vmsa::translation::walk::WalkLeaf::output","function","exercisable-through-typed-descriptor-inspection","source-reviewed high-level MappingInspection and WalkInspection preserve observable path/level/kind/output/raw descriptor semantics without exposing table access or frames","evidence-complete"
"ada32824cd813c16ab6ea30322ee396aad3aaa75","6003","aarch64_vmsa::translation::walk::WalkLeaf::output_base","function","exercisable-through-typed-descriptor-inspection","source-reviewed high-level MappingInspection and WalkInspection preserve observable path/level/kind/output/raw descriptor semantics without exposing table access or frames","evidence-complete"
"ada32824cd813c16ab6ea30322ee396aad3aaa75","6000","aarch64_vmsa::translation::walk::WalkLeaf::raw","function","exercisable-through-typed-descriptor-inspection","source-reviewed high-level MappingInspection and WalkInspection preserve observable path/level/kind/output/raw descriptor semantics without exposing table access or frames","evidence-complete"
"ada32824cd813c16ab6ea30322ee396aad3aaa75","5898","aarch64_vmsa::translation::walk::WalkLeafFieldsOf","type_alias","pure-compile-time-or-type-system","typed catalog bounds and compile-time regime/format selection","classified"
"ada32824cd813c16ab6ea30322ee396aad3aaa75","4218","aarch64_vmsa::translation::walk::WalkLeafKind","enum","exercisable-through-typed-descriptor-inspection","source-reviewed high-level MappingInspection and WalkInspection preserve observable path/level/kind/output/raw descriptor semantics without exposing table access or frames","evidence-complete"
"ada32824cd813c16ab6ea30322ee396aad3aaa75","6094","aarch64_vmsa::translation::walk::WalkOutcome","enum","exercisable-through-typed-descriptor-inspection","source-reviewed high-level MappingInspection and WalkInspection preserve observable path/level/kind/output/raw descriptor semantics without exposing table access or frames","evidence-complete"
"ada32824cd813c16ab6ea30322ee396aad3aaa75","6071","aarch64_vmsa::translation::walk::WalkStep","enum","exercisable-through-typed-descriptor-inspection","source-reviewed high-level MappingInspection and WalkInspection preserve observable path/level/kind/output/raw descriptor semantics without exposing table access or frames","evidence-complete"
"ada32824cd813c16ab6ea30322ee396aad3aaa75","6035","aarch64_vmsa::translation::walk::WalkTable","struct","exercisable-through-typed-descriptor-inspection","source-reviewed high-level MappingInspection and WalkInspection preserve observable path/level/kind/output/raw descriptor semantics without exposing table access or frames","evidence-complete"
"ada32824cd813c16ab6ea30322ee396aad3aaa75","6036","aarch64_vmsa::translation::walk::WalkTable::cursor","function","exercisable-through-typed-descriptor-inspection","source-reviewed high-level MappingInspection and WalkInspection preserve observable path/level/kind/output/raw descriptor semantics without exposing table access or frames","evidence-complete"
"ada32824cd813c16ab6ea30322ee396aad3aaa75","6040","aarch64_vmsa::translation::walk::WalkTable::entry_index","function","exercisable-through-typed-descriptor-inspection","source-reviewed high-level MappingInspection and WalkInspection preserve observable path/level/kind/output/raw descriptor semantics without exposing table access or frames","evidence-complete"
"ada32824cd813c16ab6ea30322ee396aad3aaa75","6045","aarch64_vmsa::translation::walk::WalkTable::fields","function","exercisable-through-typed-descriptor-inspection","source-reviewed high-level MappingInspection and WalkInspection preserve observable path/level/kind/output/raw descriptor semantics without exposing table access or frames","evidence-complete"
"ada32824cd813c16ab6ea30322ee396aad3aaa75","6039","aarch64_vmsa::translation::walk::WalkTable::level","function","exercisable-through-typed-descriptor-inspection","source-reviewed high-level MappingInspection and WalkInspection preserve observable path/level/kind/output/raw descriptor semantics without exposing table access or frames","evidence-complete"
"ada32824cd813c16ab6ea30322ee396aad3aaa75","6037","aarch64_vmsa::translation::walk::WalkTable::location","function","exercisable-through-typed-descriptor-inspection","source-reviewed high-level MappingInspection and WalkInspection preserve observable path/level/kind/output/raw descriptor semantics without exposing table access or frames","evidence-complete"
"ada32824cd813c16ab6ea30322ee396aad3aaa75","6041","aarch64_vmsa::translation::walk::WalkTable::next","function","exercisable-through-typed-descriptor-inspection","source-reviewed high-level MappingInspection and WalkInspection preserve observable path/level/kind/output/raw descriptor semantics without exposing table access or frames","evidence-complete"
"ada32824cd813c16ab6ea30322ee396aad3aaa75","6043","aarch64_vmsa::translation::walk::WalkTable::next_cursor","function","exercisable-through-typed-descriptor-inspection","source-reviewed high-level MappingInspection and WalkInspection preserve observable path/level/kind/output/raw descriptor semantics without exposing table access or frames","evidence-complete"
"ada32824cd813c16ab6ea30322ee396aad3aaa75","6044","aarch64_vmsa::translation::walk::WalkTable::next_location","function","exercisable-through-typed-descriptor-inspection","source-reviewed high-level MappingInspection and WalkInspection preserve observable path/level/kind/output/raw descriptor semantics without exposing table access or frames","evidence-complete"
"ada32824cd813c16ab6ea30322ee396aad3aaa75","6042","aarch64_vmsa::translation::walk::WalkTable::next_table","function","exercisable-through-typed-descriptor-inspection","source-reviewed high-level MappingInspection and WalkInspection preserve observable path/level/kind/output/raw descriptor semantics without exposing table access or frames","evidence-complete"
"ada32824cd813c16ab6ea30322ee396aad3aaa75","6038","aarch64_vmsa::translation::walk::WalkTable::raw","function","exercisable-through-typed-descriptor-inspection","source-reviewed high-level MappingInspection and WalkInspection preserve observable path/level/kind/output/raw descriptor semantics without exposing table access or frames","evidence-complete"
"ada32824cd813c16ab6ea30322ee396aad3aaa75","5899","aarch64_vmsa::translation::walk::WalkTableFieldsOf","type_alias","pure-compile-time-or-type-system","typed catalog bounds and compile-time regime/format selection","classified"
"ada32824cd813c16ab6ea30322ee396aad3aaa75","6189","aarch64_vmsa::translation::walk::Walker","struct","exercisable-through-typed-descriptor-inspection","source-reviewed high-level MappingInspection and WalkInspection preserve observable path/level/kind/output/raw descriptor semantics without exposing table access or frames","evidence-complete"
"ada32824cd813c16ab6ea30322ee396aad3aaa75","6193","aarch64_vmsa::translation::walk::Walker::access","function","exercisable-through-typed-descriptor-inspection","source-reviewed high-level MappingInspection and WalkInspection preserve observable path/level/kind/output/raw descriptor semantics without exposing table access or frames","evidence-complete"
"ada32824cd813c16ab6ea30322ee396aad3aaa75","6194","aarch64_vmsa::translation::walk::Walker::access_mut","function","exercisable-through-typed-descriptor-inspection","source-reviewed high-level MappingInspection and WalkInspection preserve observable path/level/kind/output/raw descriptor semantics without exposing table access or frames","evidence-complete"
"ada32824cd813c16ab6ea30322ee396aad3aaa75","6196","aarch64_vmsa::translation::walk::Walker::cursor","function","exercisable-through-typed-descriptor-inspection","source-reviewed high-level MappingInspection and WalkInspection preserve observable path/level/kind/output/raw descriptor semantics without exposing table access or frames","evidence-complete"
"ada32824cd813c16ab6ea30322ee396aad3aaa75","6195","aarch64_vmsa::translation::walk::Walker::into_access","function","exercisable-through-typed-descriptor-inspection","source-reviewed high-level MappingInspection and WalkInspection preserve observable path/level/kind/output/raw descriptor semantics without exposing table access or frames","evidence-complete"
"ada32824cd813c16ab6ea30322ee396aad3aaa75","6190","aarch64_vmsa::translation::walk::Walker::new","function","exercisable-through-typed-descriptor-inspection","source-reviewed high-level MappingInspection and WalkInspection preserve observable path/level/kind/output/raw descriptor semantics without exposing table access or frames","evidence-complete"
"ada32824cd813c16ab6ea30322ee396aad3aaa75","6191","aarch64_vmsa::translation::walk::Walker::root","function","exercisable-through-typed-descriptor-inspection","source-reviewed high-level MappingInspection and WalkInspection preserve observable path/level/kind/output/raw descriptor semantics without exposing table access or frames","evidence-complete"
"ada32824cd813c16ab6ea30322ee396aad3aaa75","6192","aarch64_vmsa::translation::walk::Walker::root_level","function","exercisable-through-typed-descriptor-inspection","source-reviewed high-level MappingInspection and WalkInspection preserve observable path/level/kind/output/raw descriptor semantics without exposing table access or frames","evidence-complete"
"ada32824cd813c16ab6ea30322ee396aad3aaa75","6197","aarch64_vmsa::translation::walk::Walker::step","function","exercisable-through-typed-descriptor-inspection","source-reviewed high-level MappingInspection and WalkInspection preserve observable path/level/kind/output/raw descriptor semantics without exposing table access or frames","evidence-complete"
"ada32824cd813c16ab6ea30322ee396aad3aaa75","6200","aarch64_vmsa::translation::walk::Walker::translate","function","exercisable-through-typed-descriptor-inspection","source-reviewed high-level MappingInspection and WalkInspection preserve observable path/level/kind/output/raw descriptor semantics without exposing table access or frames","evidence-complete"
"ada32824cd813c16ab6ea30322ee396aad3aaa75","6198","aarch64_vmsa::translation::walk::Walker::walk","function","exercisable-through-typed-descriptor-inspection","source-reviewed high-level MappingInspection and WalkInspection preserve observable path/level/kind/output/raw descriptor semantics without exposing table access or frames","evidence-complete"
"ada32824cd813c16ab6ea30322ee396aad3aaa75","6199","aarch64_vmsa::translation::walk::Walker::walk_from_cursor","function","exercisable-through-typed-descriptor-inspection","source-reviewed high-level MappingInspection and WalkInspection preserve observable path/level/kind/output/raw descriptor semantics without exposing table access or frames","evidence-complete"
